Category,Title,Price
Beaker 100ml,"Tanlade 20 Pcs Glass Beaker, Heavy Duty Lab Beaker with Printed, High Borosilicate Class Measuring Cup Bulk Graduation for Laboratories Classrooms or Home (100ml)",$26.99
Beaker 100ml,"Heavy Duty Beaker, 1000ML Glass Beaker White Double Scale Graduation, Borosilicate 3.3 Glass Lab Beaker, Low Form Griffin Glass Measuring Beaker, 1 Each (1000ML)",$20.99
Beaker 100ml,"100ml Beaker, Low Form Griffin, Borosilicate 3.3 Glass, Graduated, Karter Scientific 213D32 (Single)",$7.98
Beaker 100ml,"Graduated Cylinder and Beaker, 10ml 25ml 50ml 100ml Plastic Graduated Cylinders, 50ml 100ml 250ml 500ml 1000ml Plastic Science Beakers, Includes Pipettes, Wash Bottle & Brushes",$16.99
Beaker 100ml,"Tanlade 20 Pcs Glass Beaker, Heavy Duty Lab Beaker with Printed, High Borosilicate Class Measuring Cup Bulk Graduation for Laboratories Classrooms or Home (100ml)",$26.99
Beaker 100ml,"moveland Upgraded Plastic Graduated Cylinder and Plastic Beakers Set - Graduated Cylinder 10ml 25ml 50ml 100ml, Beakers 50ml 100ml 250ml 500ml 1000ml, 5 Pcs Pipettes, Ideal for DIY and Science Lab",$14.99
Beaker 100ml,"QWORK Sturdy Glass Beaker 100ml, Griffin Low Form, 6 Pcs, 3.3 Borosilicate Glass with Printed Graduation and Extra Large Marking Spot",$9.47
Beaker 100ml,"12pcs 100ml Upgrated Thick Glass Beakers, Griffin Low Form Beaker Set with Double Scale, 3.3 Boro, LVA005",$31.99
Beaker 100ml,"100ml Beaker, Low Form Griffin, Borosilicate 3.3 Glass, Double Scale, Graduated, Karter Scientific 247F2 (Pack of 6)",$15.39
Beaker 100ml,"25Pcs Plastic Beaker, 100ml Triangular Lab Measuring Cup, 3.38oz Clear Liquid Container With Scale Line, Triangular Beakers for Labotatory Scientific Experiment, Household Mixing",$21.99
Beaker 100ml,Glass Measuring Low Form Beaker Set 50ml 100ml 250ml Borosilicate Lab Beaker Set �,$9.99
Beaker 100ml,"Waziaqoc 12 Pack 100ml/3.4oz Plastic Graduated Beaker, Transparent PP Measuring Cup Mixing Cup for Kitchen Lab",$8.99
Beaker 100ml,"ULAB Scientific Glass Beaker Set, Vol.100ml, Shot Glass, 3.3 Borosilicate Griffin Low Form with Printed Graduation, Pack of 6, UBG1014",$19.99
Beaker 100ml,"15 Pcs Glass Measuring Beaker 50/100/500 ml, Glass Flask 50/100/250 ml, Graduated Cylinder 10/50/100ml with 1 Brush, 2 Diameter and 2 Droppers for Science Lab",$35.99
Beaker 50ml,"StonyLab 4-Pack Borosilicate Glass 50ml Heavy Wall Graduated Cylinder Measuring Cylinder, 50ml",$29.99
Beaker 50ml,"ONiLAB Glass Measuring Beaker Set 50ml 100ml 250ml 500ml 1000ml(Pack of 5) 3.3 Boro Griffin Low Form with Printed Graduation Scientific Glassware for Laboratories, Classrooms or Home Use",$17.99
Beaker 50ml,"PATIKIL 3Pcs 50ml Low Form Glass Beaker, 3.3 Borosilicate Glass Graduated Printed Scale Measuring Cups with Spout for Kitchen Lab Liquids",$9.09
Beaker 50ml,"Frienda 50/100/250/500/1000ml Lab Glassware Include Graduated Cylinder, Glass Beaker Set, Glass Dropper, Stirring Rod, Measuring Cups for Laboratory Science Chemistry Supplies (20 Pcs)",$41.99
Beaker 50ml,"1.7oz(50ml) Sturdy Glass Beaker, 3.3 Borosilicate Griffin Low Form with Printed Graduation, Pack of 12, BKL050-012",$24.99
Beaker 50ml,"50ml Beaker, Low Form Griffin, Borosilicate 3.3 Glass, Graduated, Double Scale, Karter Scientific 213D46 (Pack of 6)",$14.29
Beaker 50ml,"PATIKIL 50ml Low Form Glass Beaker, 12 Pack 3.3 Borosilicate Glass Graduated Printed Scale Measuring Cups with Spout for Kitchen Lab Liquids",$18.99
Beaker 50ml,"1.7 Oz Transparent Lab Measuring Cup, 50ml Plastic Beaker Cups, for Science Experiment, Liquid Measuring, 12 Pcs",$6.99
Beaker 50ml,"ULAB Scientific Glass Beakers Shot Glass, Vol. 50ml, 3.3 Borosilicate Griffin Low Form with Printed Graduation, Pack of 12, UBG1013",$24.99
Beaker 50ml,"Tanlade 20 Pcs 50 ml Glass Beaker, Heavy Duty Lab Beaker with Printed, High Borosilicate Class Measuring Cups Bulk Graduation for Laboratories or Home",$23.98
Beaker 50ml,"Utile 50ml Beaker Shot Glasses, 24pcs of 1.7oz Low Form Glass Beakers Set, Borosilicate 3.3 Glass Chemical Beaker with Printed Graduation, 4000.0050.24",$25.99
Beaker 50ml,"EISCO Heavy Duty Beaker, 50ml - 5mm Thick, Uniform Walls - Superior Durability & Chemical Resistance - White Graduations - Borosilicate 3.3 Glass",$9.99
Beaker 50ml,Glass Measuring Low Form Beaker Set 50ml 100ml 250ml Borosilicate Lab Beaker Set �,$9.99
Beaker 50ml,"12 Pcs 3.4 Oz Transparent Lab Measuring Cup, 100ml Plastic Beaker Cups, for Science Experiment, Liquid Measuring",$9.99
Compound Microscope,"AmScope M150 Series Portable LED Monocular Student Compound Microscope - 40X-1000X Magnification - Microscope Kit Includes Dust Cover, 2 Clips & 2 Eyepieces",$106.99
Compound Microscope,"SWIFT Compound Monocular Microscope SW200DL with 40X-1000X Magnification, Dual Light, Precision Fine Focus, Wide-Field 25X Eyepiece and Cordless Capability for Student Beginner",$89.99
Compound Microscope,"Compound Microscope?40X-2500X Research Class Professional Microscope?WF10x and WF25x eyepieces, Dual LED Lighting and Two-Layer Mechanical Stage?Microscope for Adults�",$149.99
Compound Microscope,"Compound Binocular Microscope for Kids & Students, 40X-2000X Magnification, Microscope Kit with Slides & Specimens, Lab Equipment for School Biology Class & Home Science Experiments",$149.99
Compound Microscope,"HSL 40X-2000X Microscope for Kids,Monocular Compound Microscope Kit for Students Adults,Dual LED Powerful Biological Microscopes Set for Laboratory School Education Science Beginner 1000x 2000x",$88.99
Compound Microscope,"Microscope for Adults Kids, 100X-2000X BEBANG Compound Microscope with Microscope Slides, Microscope Kit for Kids Students Home School Lab",$69.99
Compound Microscope,"Compound Trinocular Microscope, 40X-5000X Magnification, Research Grade Professional Microscope with USB Camera and Mechanical Stage, Microscope for Adults",$269.99
Compound Microscope,"HSL Trinocular Compound Microscope for Adults Professional,9 inch LCD Digital Microscope kit,Electron microscopes Light,Biological Microscope LAB with Screen 400x 1000x Micro Scope",$799.99
Compound Microscope,"Microscope 40X-2500X Binocular Microscope WF10x and WF25x Eyepieces, Dual LED Illumination, Adult Microscope for School Home Lab Education (Binocular Microscope)",$149.99
Compound Microscope,AmScope B120 Series Student & Professional LED Binocular Compound Microscope - 40X-2500X Magnification - Includes 5MP USB Camera & Siedentopf Head,$388.99
Compound Microscope,"Microscope for Adults Kids,40X-2000X Monocular Microscope Kit for Home School Lab, 2 LED Lights & 5 Colors Kids Microscope with Phone Holder,10 Specimen Slides,20 Slides,100 Coverslips, Bag",$68.99
Compound Microscope,"Compound Trinocular Microscope 40X-5000X Magnification, Research Grade Professional Microscope, Two Levels of Mechanical Stage LED Illumination, USB Video Camera with Microscope for Adults",$269.99
Compound Microscope,"Microscope for Kids Beginners Children Student, 40X- 1000X Compound Microscopes with 52 pcs Educational Kits",$69.99
Compound Microscope,"40X-1000X Microscopes for Students Kids Adults, Cordless Biological Compound Monocular Microscopes with Microscope Slides Set, Phone Adapter, Dual LED Illumination Power Optical Glass Lenses",$51.21
Compound Microscope,"Microscope for Kids Beginner, 40X-2000X Biological Compound Microscope Kit with Adjustable Brightness LED, Slides for School Lab Home Education, Gifts for Children Students",$59.99
Compound Microscope,"SWIFT SW380B 40X-2500X Magnification, Siedentopf Head, Research-Grade Binocular Compound Lab Microscope with Wide-Field 10X and 25X Eyepieces, Mechanical Stage, Ultra-Precise Focusing",$249.99
Beaker 250ml,"ONiLAB Glass Measuring Beaker Set 50ml 100ml 250ml 500ml 1000ml(Pack of 5) 3.3 Boro Griffin Low Form with Printed Graduation Scientific Glassware for Laboratories, Classrooms or Home Use",$17.99
Beaker 250ml,"PATIKIL 250ml Low Form Glass Beaker, 6 Pack 3.3 Borosilicate Glass Graduated Printed Scale Measuring Cups with Spout for Kitchen Lab Liquids",$18.99
Beaker 250ml,"8.5oz(250ml) Sturdy Glass Beaker, Heavy-Duty Lab Beaker Set, 3.3 Borosilicate Griffin Low Form with Printed Graduation, Pack of 6, BKL250-006",$25.99
Beaker 250ml,"Graduated Cylinder and Beaker, 10ml 25ml 50ml 100ml Plastic Graduated Cylinders, 50ml 100ml 250ml 500ml 1000ml Plastic Science Beakers, Includes Pipettes, Wash Bottle & Brushes",$16.99
Beaker 250ml,"PATIKIL 250ml Low Form Glass Beaker, 6 Pack 3.3 Borosilicate Glass Graduated Printed Scale Measuring Cups with Spout for Kitchen Lab Liquids",$18.99
Test Tube 15ml,"Conical Centrifuge Tubes 15mL, [50 Pack] Plastic Test Tube with Screw Caps, 15mL Sterile Test Tubes with Lids, 15 mL Falcon Tubes with Printed Graduation and Write-on Spot",$14.99
Beaker 250ml,Glass Measuring Low Form Beaker Set 50ml 100ml 250ml Borosilicate Lab Beaker Set �,$9.99
Test Tube 15ml,"Membrane Solutions Conical Centrifuge Tubes 15mL, 50 Pack Sterile Plastic Test Tubes with Screw Caps, Polypropylene Container with Graduated and Write-on Spot, Non-Pyrogenic, DN/RNase Free",$16.19
Beaker 250ml,"12pcs 250ml Upgrated Thick Glass Beakers, Griffin Low Form Beaker Set with Double Scale, 3.3 Boro, LVA023",$39.99
Test Tube 15ml,"Plastic Test Tubes with Lids, 15x100mm (15ml) Clear Vials with Seal Cap Container Transparent Test Tubes with Cork Stoppers for Jewelry Seed Beads Powder Spice Liquid Storage (15 PCS)",$5.99
Beaker 250ml,"250ml Beaker, Low Form Griffin, Borosilicate 3.3 Glass, Double Scale, Graduated, Karter Scientific 213D25 (Pack of 12)",$34.48
Beaker 250ml,"QWORK Plastic Beakers, 250ml, 12 Pieces, Polypropylene, Raised Graduations, Tapered Spout",$12.47
Test Tube 15ml,"JIUWU Conical Centrifuge Tubes 15mL,10Pcs Sterile Plastic Test Tubes with Screw Caps, Polypropylene Container with Graduated and Write-on Spot, Non-Pyrogenic(Cap Random Color)",$5.99
Beaker 250ml,"EISCO 12PK Plastic Beakers, 250ml - Polypropylene Plastic - Raised Graduations, Tapered Spout - Euro Design",$19.99
Test Tube 15ml,"15ml Conical Centrifuge Tubes, 100Pcs Polypropylene Test Tubes with Polyethylene Flat Top Caps, 12000 RCF, Plastic Container with Graduated & Write Area, Rack Package, Non-Pyrogenic, DNase/RNase Free",$22.99
Beaker 250ml,"PATIKIL 250ml Low Form Glass Beaker, 12 Pack 3.3 Borosilicate Glass Graduated Printed Scale Measuring Cups with Spout for Kitchen Lab Liquids",$28.99
Test Tube 15ml,"HNYYZL Test Tubes,15pcs Clear Plastic Test Tubes with Cork,15x150mm Tube for Scientific Experiments,Party Decoration,Candy,Bath Salt (15ml)",$10.99
Beaker 250ml,"4pcs 250ml Upgrated Thick Glass Beakers, Griffin Low Form Beaker Set with Double Scale, 3.3 Boro, LVA009",$24.99
Test Tube 15ml,"10pcs 16x150mm Glass Test Tubes, 15ml Boro Clear Propagation Tube for Plants, Tube Vials Container with Black Screw Cap, Scientific Experiment Candy Storage Crafts Small Bottle Jars",$11.99
Beaker 250ml,"Globe Scientific 3654-250 Diamond Essentials PP Griffin Style Low Form Beaker with Handle, Printed Graduations, PP, 250ml Capacity",$5.00
Test Tube 15ml,"Membrane Solutions Conical Centrifuge Tubes 15mL, 50 Pack Sterile Plastic Test Tubes with Screw Caps, Polypropylene Container with Graduated and Write-on Spot, Non-Pyrogenic, DN/RNase Free",$16.19
Test Tube 15ml,"Konohan Conical Centrifuge Tubes Sterile Plastic Test Tubes with Screw Caps Polypropylene Conical Container with Graduated Marks and Bottom(200 Pack,Blue Cap,15 ml)",$22.99
Test Tube 15ml,"15mL Conical Centrifuge Tubes, [25 Items/1 Pack] Plastic Test Tube with Screw Caps, 15mL Sterile Test Tubes with Lids, 15 mL Skirted Tubes with Printed Graduation and Write-on Spot, Sterile",$9.99
Test Tube 15ml,"Ackers Conical Centrifuge Tubes 15mL, 100 Pcs Sterile Plastic Test Tubes with Screw Caps, Polypropylene Container with Graduated and Write-on Spot, Non-Pyrogenic, DN/RNase Free",$17.99
Test Tube 15ml,"15ml Plastic Centrifuge Tubes with Screw Cap, CertBuy 100 Pack Plastic 15ml Test Tube Polypropylene Tubes with Cap, Graduated Marks with Test Tube Rack",$21.99
Test Tube 15ml,"EISCO 48PK Test Tubes, 15ml - Borosilicate 3.3 Glass - 1.2mm Thick Walls, Beaded Rim - Superior Heat & Chemical Durability - 5.25"" Tall, 0.6"" Diameter",$25.99
Test Tube 15ml,"250Pcs Test Tubes with Caps, 16x100mm Plastic Test Tubes with Caps for Scientific Experiments, Bath Salts, Candy Storage, Party Favors, Halloween",$26.99
Bunsen Burner,"Bunsen Burner Lab Natural Gas with Flame Stabilizer and Air with Gas Adjustment,Natural Gas with Propane Lab Heating Equipment, Alloy Steel",$15.54
Bunsen Burner,"Fuel Cans - 4-Hour Burn, Chafing Dish Fuel Can Burners for Food Warmer, Resealable Chafer Fuel Canned Heat, Safe Heat - 7.26 Oz Each, Pack of 12",$26.63
Bunsen Burner,"Natural Gas Bunsen Burner, StabiliBase Anti-Tip Design with Handle, with Flame Stabilizer and Gas Adjustment, NG",$25.49
Bunsen Burner,"Portable Countertop Butane Burner by Finjan- Portable Butane Burner for Indoor Use. Ideal for Lab or Home- Syphon Coffee Making, Fondue Warmer, S�mores Maker",$47.00
Bunsen Burner,"3 Tips Universal Propane Bunsen Burners for Lab, Jewelry, Glass Blowing, Welding",$49.99
Bunsen Burner,6 pack 6 Hour Chafing Fuel - Food Warmer for Chafing Dish Buffet Set - Liquid Safe Fuel With Wick & Lid Opener for Chafing Dish,$16.99
Bunsen Burner,Butane Mini Burner for Tabletop Coffee Siphon Syphon/w Furnace Stand and Assembly Rack Ceramic Windproof Torch Head Portable Cooking Stove Espresso Maker Chafing Soup Tureens Fondue Bunsen,$39.99
Bunsen Burner,Lab Bunsen Burner with Flame Stabilizer and Gas Control for Efficient Lab Heating with Propane & Natural Gas - Pack of 2,$21.97
Bunsen Burner,"Fuel Cans - 4-Hour Burn, Chafing Dish Fuel Can Burners for Food Warmer, Resealable Chafer Fuel Canned Heat, Safe Heat - 7.26 Oz Each, Pack of 12",$26.63
Bunsen Burner,Butane Mini Burner for Tabletop Coffee Siphon Syphon/w Furnace Stand and Assembly Rack Ceramic Windproof Torch Head Portable Cooking Stove Espresso Maker Chafing Soup Tureens Fondue,$39.99
Bunsen Burner,Bunsen Burner Multifunctional Portable Laboratory Disinfection Bunsen Burner Light Gas Torch with a Tripod for Butane Canister,$23.99
Bunsen Burner,"Meker Bunsen Burner, LPG - Gas Flow Control, Flame Stabilizer, Air Flow Adjustable - Cast Iron StabiliBase, Anti-Tip Design with Handle - Suitable for use with LPG/Butane Gas",$53.99
Bunsen Burner,"3 Tips Universal Propane Bunsen Burners for Lab, Jewelry, Glass Blowing, Welding",$49.99
Thermometer (-10 to 110C),DeltaTrak 12214 Waterproof Dishwasher Thermometer Kit w/Auto-Cal,$30.99
Thermometer (-10 to 110C),DeltaTrak 11050 Professional Digital Meat Thermometer for Kitchen Waterproof Lollipop Thermometer NSF Certified,$21.99
Thermometer (-10 to 110C),"North Mountain Supply Stainless Steel Probe Dial Thermometer - Range from -10�C to 110�C - for Cheese, Beer, and More",$12.91
Thermometer (-10 to 110C),uxcell Digital Thermometer -50 to 110 Degree 10K Temperature Gauge Tester with 2m NTC Sensor Probe Cable,$9.99
Thermometer (-10 to 110C),"Thermco CS110CW3S Prymary Brand Spirit-Filled Thermometer, 76 mm Immersion, -20 to 110 Degree C, 1.0 Degree C Division, 305 mm Length",$3.75
Thermometer (-10 to 110C),uxcell Digital Thermometer -50 to 110 Degree 10K Temperature Gauge Tester with 1m NTC Sensor Probe Cable 2pcs,$13.89
Thermometer (-10 to 110C),"Taylor Bi-Therm Standard Grade Instant Read Bi-Metal Thermometer (5-Inch Stem, 1-Inch Dial, -40- to 120-Degrees Fahrenheit)",$6.65
Thermometer (-10 to 110C),"Taylor 8215N 8-Inch Bi-Therm Pocket Dial Thermometer, 1.75-Inch Dial, 0 to 220 Degree F, NSF",$17.27
Thermometer (-10 to 110C),"Supco ST02 Stainless Steel Pocket Dial Thermometer, 5"" Stem, 1"" Dial, 0 to 220 Degrees F",$4.99
Thermometer (-10 to 110C),Digital Instant Read Meat Thermometer Kitchen Cooking Food Candy Thermometer for Oil Deep Fry BBQ Grill Smoker Thermometer by AikTryee,$6.98
Thermometer (-10 to 110C),"Interdynamics Certified A/C Pro Car Air Conditioner Test Thermometer, Helps Diagnose AC Performace and Checks Outlet Duct Temperature and Ambient Temperature, Includes Holder and Clip",$7.15
Thermometer (-10 to 110C),uxcell Digital Thermometer -50 to 110 Degree 10K Temperature Gauge Tester with 16ft NTC Temperature Sensor Probe Cable,$11.89
Thermometer (-10 to 110C),"K Type Thermocouple Thermometer (-50~1300�C), Dual Channels Digital Thermometer with 2 Temperature Clamp 2 Wired Thermocouple Probes, High Accuracy Temperature Kelvin Scale Meter Tester",$39.99
Microscope Slides,"Microscope Slides with Specimens for Kids, Prepared Microscope Slides for Kids Microbiology, Glass Slides for Microscope, Biology Gifts for Adults Kids 30 Tablets",$22.99
Microscope Slides,"E35.3501 Blank Microscope Slides & 100-Pieces Square Cover Glass, Glass",$7.50
Microscope Slides,AmScope BS-50P-100S-22 Pre-Cleaned Blank Ground Edge Glass Microscope Slides and 100pc Pre-Cleaned Square Glass Cover Slips Coverslips,$15.99
Microscope Slides,"100 Microscope Slides with Specimens for Kids and Adults, Prepared Microscope Slides with Plants Animals Insects for Students Homeschool Edu",$38.69
Microscope Slides,"Rounded Edge Microscope Slides Kit, 50 Pcs Pre-Cleaned Blank Microscope Slides and 100 Pcs 22x22mm Square Coverslips Cover Glass for Monocular Binocular Trinocular Microscopes",$7.99
Microscope Slides,50 Pieces Microscope Slides and 100pcs Pre-Cleaned 20mm x 20mm Microscope Cover Slips Glasses for Basic Biological Science Education,$7.79
Microscope Slides,BOJACK 100 Pcs Pre-Cleaned Microscope Slides with Ground Edge and 200 Pcs Pre-Cleaned Microscope Cover Glasses with 4 Plastic Droppers,$11.99
Microscope Slides,AmScope 72 Pre-Cleaned Blank Microscope Slides and 100 22x22mm Square Cover Glass,$12.99
Microscope Slides,"144pcs of Pre-Cleaned White Color Frosted Microscope Slide, Dim.75mmx25mm, Super Grade Glass, Ground Edges, 45� Safety Corners, LVQ034W",$13.99
Microscope Slides,HOAOH 50 Pieces Microscope Slides and 100pcs Pre-Cleaned 20mm x 20mm Microscope Cover Slips Glasses for Basic Biological Science Education,$8.89
Microscope Slides,"Globe Scientific Diamond 1358N White Glass Charged Microscope Slide, 25 x 75mm Size, Ground Edges, Orange Frosted (1,440 slides)",$376.39
Microscope Slides,"Premiere Microscope Slides with Ground Edges, Frosted End, Precleaned, 10 Gross per case, 1,440 Slides",$67.99
Microscope Slides,"AmScope Microscope Slides, 100 Blank Slides with 100 Cover Glass",$14.99
Microscope Slides,"AmScope PS25 Prepared Microscope Slide Set for Basic Biological Science Education, 25 Slides, Includes Fitted Wooden Case Brown",$16.99
Microscope Slides,"Globe Scientific Diamond 1358T White Glass Charged Microscope Slide, 25 x 75mm Size, Ground Edges, Tan Frosted (1,440 slides)",$375.72
Lab Manual - Grade 10 Science,Biology Lab Manual Grade 10 4th Edition,$45.48
Lab Manual - Grade 10 Science,Student Lab Manual for Argument-Driven Inquiry in Chemistry: Lab Investigations for Grades 9-12,$14.99
Lab Manual - Grade 10 Science,EUDAX School Physics Labs Basic Electricity Discovery Circuit and Magnetism Experiment kits for High School Students Electromagnetism Elementary Electronics,$49.99
Lab Manual - Grade 10 Science,"Carson Dellosa The 100 Series: Biology Workbook�Grades 6-12 Science, Matter, Atoms, Cells, Genetics, Elements, Bonds, Classroom or Homeschool Curriculum (128 pgs) (Volume 3)",$8.29
Lab Manual - Grade 10 Science,"EUDAX Physics Science Lab Learning Circuit kit,Electricity Experiment Set,Building Circuits for Kids Junior Senior High School Students (Basic kit)",$11.99
Lab Manual - Grade 10 Science,"Science Poster Board, Science Lab Safety Rules Poster, Classroom Rules Posters, Lab Safety Guidelines for Middle/High School Classrooms, Chemistry Lab Decor, Kids Science Posters Gift Teachers 16x24",$9.99
Test Tube Rack,"Plastic Test Tube Rack for 15/18 mm Tubes, Hole Diameter is 18.7mm, Holds 50, Detachable, Karter Scientific 208U2 (Pack of 1)",$7.71
Test Tube Rack,"EISCO Wooden Test Tube Rack - Accommodates 12 Tubes, up to 28mm - 10.25"" Wide - Premium Polished Beech Wood Construction",$19.49
Test Tube Rack,"Test Tube Rack, Centrifuge Tube Holder (2 Pack - Blue and Orange) for 10ml, 15ml, 50ml, Detachable Plastic Stand, 28 Well",$8.99
Erlenmeyer Flask 250ml,"stonylab Recovery Flask, Heavy Wall Single Neck Borosilicate Glass Rotary Evaporator Flask with 24/40 Standard Taper Outer Joint, Pear-Shaped Lab Flask, 100 ml",$15.99
Test Tube Rack,"Steve Spangler's Large Plastic Test Tubes & Rack, 6 Bottles & 1 Rack",$11.99
Erlenmeyer Flask 250ml,6000ML 1.5GAL Erlenmeyer Flask Borosilicate Glass Pack of 1,$64.00
Test Tube Rack,OLYCRAFT 1.8x5.5x3.5 Inch Clear Acrylic Test Tube Rack 12 Sockets Test Tube Display Stands Acrylic Centrifuge Tube Rack Transparent Test Tube Holder for 10ml Test Tube Chemistry Laboratory,$8.99
Erlenmeyer Flask 250ml,"Corning Pyrex #4980-250, 250ml Narrow Mouth Erlenmeyer Flask with Rubber Stopper (Single)",$14.93
Test Tube Rack,"25mm Plastic in-Line Test Tube Rack with Drying Pins, 6 Tube, Polyethylene, White (Pack of 2)",$9.89
Erlenmeyer Flask 250ml,"EISCO Laboratory Glassware Set, 9pcs - Includes Beaker Set (3pcs), Erlenmeyer Flask Set (3pcs), ASTM Class A Graduated Cylinder Set (3pc) - Chemistry Glassware - Made of Borosilicate 3.3 Glass",$47.49
Test Tube Rack,"Lawei 6 Pack 28 Well Test Tube Rack, Laboratory Centrifuge Plastic Tube Holder, Detachable Plastic Stand, Storage Test Tube Rack for 10ml / 15ml / 50ml Tube, Blue and Orange",$13.49
Test Tube Rack,Desktop Glass Plant Propagation Station with 5 Test Tubes in Wooden Stand - Hydroponic Plants Cutting Office Home Decoration and Garden Decor Terrarium (5 Tubes),$11.99
Erlenmeyer Flask 250ml,"8.5oz(250ml) Narrow-Mouth Sturdy Glass Erlenmeyer Flask, 3.3 Borosilicate with Printed Graduation, Pack of 4, EFN250-004",$20.99
Test Tube Rack,uxcell Acrylic Test Tube Holder Rack 6 Wells for 10ml Centrifuge Tubes Clear,$12.99
Erlenmeyer Flask 250ml,"250ml Narrow Mouth Erlenmeyer Flask with Rubber Stopper, 3.3 Borosilicate Glass, Karter Scientific (Single)",$9.40
Test Tube Rack,"2 Pack Test Tube Rack,56 Well Deep Blue Detachable Plastic Centrifuge Tube Holder for 10ml/15ml/50ml",$8.99
Erlenmeyer Flask 250ml,"EISCO Erlenmeyer Flask, 250ml - Borosilicate Glass - with PTFE Screw Cap - Conical Shape - White Graduations",$15.79
Test Tube Rack,"Transparent Plastic Test Tube Rack Kit with Caps, 6.69 X 5.11 X 1.96 Inch, Ideal for Laboratory, Classroom, Home Science Projects",$5.69
Erlenmeyer Flask 250ml,"Glass Narrow Mouth Erlenmeyer Flask Set (FGSET3) - 3 Sizes - 50, 150 and 250ml, United Scientific",$10.99
Test Tube Rack,"SP Bel-Art Poxygrid 96-Place Test Tube Rack for 16-17mm Tubes, Durable Wire Frame with Chemical-Resistant Blue Epoxy Coating, Ideal for Lab, Drug Discovery, and Robotic Applications � Autoclavable",$41.01
Erlenmeyer Flask 250ml,"250ml Glass Erlenmeyer Flask Set, 3pcs Laboratory Glassware Flask with Glass Stopper for Chemistry Classroom Home Use, 3.3 Borosilicate Labware Science Flask, Narrow Mouth, Printed Graduation",$23.99
Test Tube Rack,"EISCO Wooden Test Tube Rack - Holds 12 Tubes up to 22mm Diameter - Test Tube Holder, Crochet Hook Stand, Spice Rack",$23.49
Erlenmeyer Flask 250ml,"4pcs of Narrow Mouth Glass Erlenmeyer Flasks, Vol.250ml, 3.3 Borocilicate with Printed Graduation, LVC003",$20.99
Test Tube Rack,"20x150mm Glass Test Tube Set with Rubber Stoppers and Plastic Rack, 6 Piece Set, Karter Scientific 150A3",$16.49
Erlenmeyer Flask 250ml,"Utile 3pcs of Glass Erlenmeyer Flask Set, 250ml 500ml 1000ml Narrow Mouth Erlenmeyer Flasks, Borosilicate 3.3 Glass Conical Flasks for Laboratory,4016.9917.1",$18.99
Test Tube Rack,"MUHWA 4 Way Plastic Test Tube Rack Assorted Colors, Blue, Green, White, Orange, Yellow Pack of 5",$24.98
Erlenmeyer Flask 250ml,Glass Flask Erlenmeyer Flask Set Narrow Mouth 50ml 100ml 250ml Graduated Flasks,$11.99
Filter Paper pack of 100,"stonylab Quantitative Filter Paper Circles, 100 Pack Fast Speed Cellulose Filter Paper 25 Microns Particle Retention, 56 mm Diameter",$13.95
Erlenmeyer Flask 250ml,"250ml Erlenmeyer Flask with Blue Screw Cap, Borosilicate Glass, Graduated (Pack of 2)",$13.19
Filter Paper pack of 100,"Premium Filter Paper, 15cm, Pack of 100",$11.09
Erlenmeyer Flask 250ml,"stonylab Glass Wide Mouth Erlenmeyer Flask, 250 ml Borosilicate Glass Erlenmeyer Flask with Heavy Duty Rim, 1 Pack",$18.59
Filter Paper pack of 100,"100 Pieces Coffee Filter Paper Bag, Portable Coffee Paper Bag Disposable Hanging Ear Drip Coffee Filter Bag Single Serve for Home Office Kitchen and Travel Camping Use (Regular size, 100, Count)",$7.99
Erlenmeyer Flask 250ml,"QWORK 250ml Glass Buchner Filtering Funnel and 1000 ml Erlenmeyer Flask, Thick Wall Flask with 24/40 Outer Joint",$29.97
Filter Paper pack of 100,"United Scientific� Qualitative Filter Paper, 90mm Diamter (9cm), Medium Speed (85GSM), 10 Micron Pore Size, Pack of 100",$6.09
Filter Paper pack of 100,"FunChem Qualitative Filter Paper Circles, 74 mm Diameter Cellulose Lab Filter Paper, 20 Micron Particle Retention, Medium Flow Filtration Speed, Pack of 100",$8.99
Filter Paper pack of 100,"Technivorm Moccamaster #4 White Paper Filters, 100-count per box",$11.80
Filter Paper pack of 100,EISCO 100PK Economy Filter Papers - 12.5cm Diameter - 8-10 microns - Qualitative,$9.49
Filter Paper pack of 100,"Eisco Labs Premium Qualitative Filter Paper, 9cm Dia., Medium Speed (85 GSM), 10? (10 Micron) Pore Size - Pack of 100",$9.29
Filter Paper pack of 100,"Melitta Super Premium No. 4 Coffee Paper Filter, 100 COunt (Pack of 1), Brown",$10.93
Filter Paper pack of 100,"stonylab Qualitative Filter Paper, 100 Packs Slow Flow Rate Cellulose Filter Paper Circles with 10 Micron Particle Retention, 94 mm Diameter",$17.99
Filter Paper pack of 100,"EISCO Premium Qualitative Filter Paper, 100 Pack - 7.28"" (18.5cm)",$15.79
Filter Paper pack of 100,"CAPMESSO Disposable Coffee Paper Filters, 100 Count Keurg Cup Coffee Filters Compatible with Keurg Brewers Reusable Single Serve 1.0 and 2.0 Coffee Maker (100 Count, Unbleached)",$8.99
Filter Paper pack of 100,"Eisco Labs Premium Qualitative Filter Paper, 11cm Dia., Medium Speed (85 GSM), 10? (10 Micron) Pore Size - Pack of 100",$9.99
Refracting Telescope 70mm,"Gskyer Telescope, 70mm Aperture 400mm AZ Mount Astronomical Refracting Telescope for Kids Beginners - Travel Telescope with Carry Bag, Phone Adapter and Wireless Remote.",$86.97
Refracting Telescope 70mm,"SpectrumOI Telescope for Kids, Telescope for Adults Astronomy Gifts, Telescope for Kids 8-12 - Premium Refractor Telescope 70mm Aperture with Carry Bag and Phone Holder",$89.99
Refracting Telescope 70mm,"Gskyer Telescope, 70mm Aperture 400mm AZ Mount Astronomical Refracting Telescope for Kids Beginners - Travel Telescope with Carry Bag, Phone Adapter and Wireless Remote.",$86.97
Refracting Telescope 70mm,"Maksutov-Cassegrain Telescope for Adults Kids Astronomy Beginners, Sarblue Mak60 Catadioptric Compound Telescope 750x60mm, Compact Portable Travel Telescope, with Tabletop Tripod Phone Adapter",$129.99
Refracting Telescope 70mm,"Telescope 80mm Aperture 600mm - Astronomical Portable Refracting Telescopes Fully Multi-Coated High Transmission Coatings AZ Mount with Tripod Phone Adapter, Wireless Control, Carrying Bag.",$109.99
Refracting Telescope 70mm,"HSL Telescope, 70mm Aperture 400mm AZ Mount Astronomical Refracting Telescope for Kids& Adults, Portable Travel Telescope with Tripod Phone Adapter, Remote Control,5 Color Filters,Black",$69.99
Refracting Telescope 70mm,"Astronomical Refracting Telescope,MLABINYA 70mm Travel Telescope(15X-150X) Portable Telescope with Multilayer Broadband Coating Adjustable Tripod And Finderscope, Telescope for Adults & Kids &Beginner",$48.99
Refracting Telescope 70mm,"300mm Refractor Telescope for Astronomy Beginners, Multi-Coated High Powered Refracting Telescope with Tripod 70mm Aperture",$59.99
Refracting Telescope 70mm,Celestron - AstroMaster 70AZ Telescope - Refractor Telescope - Fully Coated Glass Optics - Adjustable Height Tripod � Bonus Astronomy Software Package,$138.95
Refracting Telescope 70mm,"Telescope, 70mm Aperture - Astronomical Portable Refracting Telescope for Kids & Adults with Phone Holder & Finder Scope",$79.98
Refracting Telescope 70mm,"Telescope for Kids Beginners Adults, 70mm Astronomy Refractor Telescope with Adjustable Tripod - Perfect Telescope Gift for Kids",$60.97
Refracting Telescope 70mm,"Telescope for Kids, 70mm Aperture 400mm Refractor Telescope for Astronomy Beginners, High Powered Refracting Telescope with Tripod, Multi-Coated",$49.99
Refracting Telescope 70mm,"SpectrumOI Telescope for Kids, Telescope for Adults Astronomy Gifts, Telescope for Kids 8-12 - Premium Refractor Telescope 70mm Aperture with Carry Bag and Phone Holder",$89.99
Triple Beam Balance,"QWORK Triple Beam Mechanical Balance, 2610g/0.1g Lab Analytical Weight Set, Triple Beam Scale with Zero Adjustment Knob, No Need Battery",$54.97
Triple Beam Balance,Triple Beam Mechanical Balance Scale/Triple Beam Scale/2610g 0.1g for Lab Analytical School MB2610,$65.89
Triple Beam Balance,"QWORK Triple Beam Mechanical Balance, 2610g/0.1g Lab Analytical Weight Set, Triple Beam Scale with Zero Adjustment Knob, No Need Battery",$54.97
Triple Beam Balance,Triple Beam Mechanical Balance Scale/Triple Beam Scale/2610g 0.1g for Lab Analytical School MB2610,$65.89
Triple Beam Balance,"Ohaus 750-S0 Triple Beam Balance - 610g Capacity, Stainless Steel Plate, Magnetic Damping, Precision Weighing",$167.02
Triple Beam Balance,Triple Beam Balance Mechanical Lab Scale 2610g/0.1g with Stainless Steel Weighing Pan,$59.99
Triple Beam Balance,"Parco Scientific PA0090 Triple Beam Balance with Tare, 610 g Capacity",$125.00
Triple Beam Balance,1Set Triple Beam Balance Scale for Laboratory Use Capacity with Precision Includes Weights and Tweezers Teaching Tool for Classroom and Science Experiments,$15.64
Triple Beam Balance,"Balance Scientific Balance Scale, Balance Beam Scale, Laboratory Triple Beam for Teaching Tool",$24.76
Triple Beam Balance,"Parco Scientific PA0080 Triple Beam Balance with Weight Set, 2610 g Capacity",$125.00
Triple Beam Balance,"Vision Scientific VB0100-3 Triple Beam Balance with Tare and Weight Set, 2610 g Capacity",$119.00
Triple Beam Balance,"Walter Products B-200-O Economy Triple Beam Balance, 610 g Capacity",$110.00
Triple Beam Balance,"Precision Triple Beam Balance Beam Scale, Scientific Balance Scale, Balance for Teaching Tool",$24.35
Triple Beam Balance,"8FT/9FT/9.5FT/10FT Folding Balance Beam, Portable Gymnastics Beam Equipment with Non Slip Rubber Base & Suede Cover for Training/Practice/Professional Home Exercise",$54.99
Triple Beam Balance,"Ohaus - 80000006 Dial-O-Gram Stainless Steel Top Loading Mechanical Triple Beam Balance with Stainless Steel Plate and Tare, 610g x 0.1g",$251.00
pH Meter basic,Fristaden Lab Benchtop pH Meter (New Model Launch) � High-Accuracy (0.01 pH) (PHS-3C),$140.00
pH Meter basic,Pawfly Digital pH Meter for Food High Accuracy pH Tester for Sourdough and Bread Food pH Meter for Fermentation pH Test Pen for Fermenting Sausage Canning Meat Cheese Water Liquid Solid & Semi-Solid,$35.99
pH Meter basic,"2024 All-New pH Meter for Water - High Accuracy Digital pH Tester (0.01 Precision) with UL Certification and 3 pH Calibration Powders - Ideal for Home Water, Hydroponics, Aquariums, Pools, and More",$8.98
Graduated Cylinder 100ml,Labasics 4-Pack Borosilicate Glass 50 ml Heavy Wall Graduated Cylinder Measuring Cylinder,$24.99
pH Meter basic,"Food pH Meter with Extra pH Replaceable Probe,Digital pH Tester for Sourdough and Bread,Food pH Tester for Meat,Canning,Cheese,Solid Samples, Soft Soil and Water�",$45.40
Graduated Cylinder 100ml,Labasics 3-Pack Borosilicate Glass 50 ml Heavy Wall Graduated Cylinder Measuring Cylinder,$17.59
pH Meter basic,"VIVOSUN Digital pH and TDS Meter Kits, 0.01pH High Accuracy Pen Type pH Meter � 2% Readout Accuracy 3-in-1 TDS EC Temperature Meter for Hydroponics, Pool and Aquarium, Yellow Blue, UL Certified",$15.99
Graduated Cylinder 100ml,"100ml Graduated Cylinder, Borosilicate 3.3 Glass, Single Metric Scale, Class B, Karter Scientific 213I12 (Single)",$10.99
pH Meter basic,"APERA INSTRUMENTS AI209 Value Series PH20 Waterproof pH Tester Kit, �0.1 pH Accuracy",$49.81
pH Meter basic,pH Meter for Hydroponics PPM EC Meter for Plant Nutrients Simultaneous Measurement of pH Conductivity TDS Temperature for Reservoir Tank Water DWC Aeroponic Garden Indoor Outdoor Growing,$27.99
pH Meter basic,"PH Meter for Water Hydroponics Digital PH Tester Pen 0.01 High Accuracy Pocket Size with 0-14 PH Measurement Range for Household Drinking, Pool and Aquarium",$6.99
Graduated Cylinder 100ml,Geesatis 2 Pcs Plastic Measuring Cylinders 100 ml Lab Test Graduated Measuring Cylinder,$7.99
Graduated Cylinder 100ml,"10Pack 100ml Plastic Graduated Cylinder, Plastic Measuring Cylinder Set, 2-Sided Marking Lab Cylinders, Clear Science Measuring Cylinder for Home and School Science, Laboratory Supplies",$20.99
pH Meter basic,"2024 All-New pH Meter for Water - High Accuracy Digital pH Tester (0.01 Precision) with UL Certification and 3 pH Calibration Powders - Ideal for Home Water, Hydroponics, Aquariums, Pools, and More",$8.98
Graduated Cylinder 100ml,"Brewing America 100ml Plastic Graduated Cylinder Beaker - 100ml Science Measuring Test Tube Flask, 2-Sided Marking - Black and Raised Graduation Lines, Pour Spout",$9.45
pH Meter basic,PH Monitor & Temperature Meter 2 in 1 Digital Water Quality Tester Sensor Test Kit with Automatic Calibration/Replaceable BNC Electrode Probe for Aquariums Hydroponics Tanks Aquaculture Laboratory,$33.99
Graduated Cylinder 100ml,"United Scientific� Plastic Graduated Cylinder, 100mL - Scientific Measuring Cylinder with Hexagonal Base - Polypropylene Plastic - Laboratory Quality, Autoclavable",$8.71
Graduated Cylinder 100ml,"10Pack 100ml Plastic Graduated Cylinder, Transparent Measuring Cylinder Durable Lab Test Tube Flask, 2-Sided Measuring Lines Graduated Cylinder Beaker for Science Projects, Pour Spout",$19.69
pH Meter basic,"AC Infinity pH Meter Kit, High Precision Digital pH Pen with �0.1 pH Accuracy, Nutrient Test pH Meter for Water Hydroponics Plants, Gardening, Aquariums, Swimming Pools",$49.99
pH Meter basic,pH Meter for Water 4 in 1 pH EC TDS Temp Meter for Hydroponics PPM and EC Water Tester Digital pH PPM Meter for Nutrients Growing Hydroponics Gardening DWC hydroponics System,$24.99
Graduated Cylinder 100ml,"100ml Plastic Graduated Cylinder, Printed Graduations, Single Metric Scale, Polypropylene, Karter Scientific 237L2 (Single)",$8.35
pH Meter basic,"Bluelab Combo Meter for pH, Temperature & Conductivity in Water - Easy Calibration, Digital EC/TDS/PPM Tester for Hydroponics & Indoor Plants (METCOM)",$249.99
Graduated Cylinder 100ml,"EISCO Premium Graduated Cylinder Set - 50mL, 100mL & 250mL - ASTM, Class A - Protective Collars, Hexagonal Base - Blue Graduations - Borosilicate 3.3 Glass",$29.99
Graduated Cylinder 100ml,100 mL Glass Graduated Cylinder Measuring Single Metric Scale 2 Pcs with Brush (Pack of 2) �,$11.99
Graduated Cylinder 100ml,"Bekith 12Pack 100ml Plastic Graduated Cylinder, Clear Scientific Measuring Cylinder with Stable Base, 2-Sided Marking Lab Cylinders for Home and School Science, Laboratory Supplies",$17.99
Graduated Cylinder 100ml,"100ml Plastic Graduated Cylinder, 1pc, Transparent, Measuring Cylinder Set, Science Lab Cylinders",$6.99
Graduated Cylinder 100ml,"EISCO Graduated Cylinder, 100ml - Class A Tolerance �0.50ml - Round Base - Blue Graduations - Borosilicate 3.3 Glass",$12.59
Hot Plate basic,"Elite Gourmet ESB-301BF# Countertop Single Cast Iron Burner, 1000 Watts Electric Hot Plate, Temperature Controls, Power Indicator Lights, Easy to Clean, Black",$16.93
Hot Plate basic,"Elite Gourmet EDB-302BF Countertop Double Cast Iron Burner, 1500 Watts Electric Hot Plate, Temperature Controls, Power Indicator Lights, Easy to Clean, Black",$26.09
Hot Plate basic,"OVENTE Electric Countertop Single Burner, 1000W Cooktop with 6"" Stainless Steel Coil Hot Plate, 5 Level Temperature Control, Indicator Light, Compact Cooking Stove and Easy to Clean, Black BGC101B",$13.99
Hot Plate basic,"OVENTE Countertop Infrared Single Burner, 1000W Electric Hot Plate with 7� Ceramic Glass Cooktop, 5 Level Temperature Setting & Easy to Clean Base, Compact Stove for Home Dorm Office, Black BGI101B",$34.60
Hot Plate basic,"OVENTE Electric Countertop Single Burner, 1000W Cooktop with 7.25 Inch Cast Iron Hot Plate, 5 Level Temperature Control, Compact Cooking Stove and Easy to Clean Stainless Steel Base, Silver BGS101S",$18.99
Hot Plate basic,"Portable Induction Cooktop, NSF Certified Pro Induction Hot Plate, Powerful 1800W with Large 8"" Heating Coil, 18/10 Stainless Steel, 18 Temp Settings Commercial Grade Countertop Burner",$129.99
Hot Plate basic,"Elite Gourmet ESB-301F Countertop Single Cast Iron Burner, 1000 Watts Electric Hot Plate, Temperature Controls, Power Indicator Lights, Easy to Clean, White",$19.27
Hot Plate basic,"Aroma Housewares AHP-303 Single Burner Hot Plate, Metal, Black",$16.02
Hot Plate basic,"Cuisinart CB-30P1 Cast-Iron Single Burner, Stainless Steel",$59.95
Hot Plate basic,"Artilife 500W Small Hot Plate Mini Hot Plate,Artilife 500w Small Electric Hot Plate,Mini Stove Portable Stove Kitchen Cooktop Electric Heater,Perfect Size for Moka Pot 110V",$21.59
Hot Plate basic,"Hot Plate, Techwood 1800W Dual Electric Stove, Countertop Stove Double Burner for Cooking, Infrared Ceramic Hot Plates Double Cooktop, Brushed Stainless Steel Easy to Clean Upgraded Version, Black",$89.98
Hot Plate basic,"IMUSA Double Electric Hot Plate, Black",$31.82
Hot Plate basic,"Countertop Double Cast Iron Burner 1800 Watts Electric Hot Plate with Adjustable Temperature 6.1"" Cooktop for Dorm, Office, Home, Camp, Compatible for All Cookwares",$40.99
Hot Plate basic,"Artilife 500W Mini Hot Plate Small Hot Plate,Moka Pot Hot Plate,Portable Hot Plate,Perfect Size for Moka Pot",$20.99
Hot Plate basic,"CUSIMAX Hot Plate, Electric Double Burner, 1800W Cast Iron Countertop Cooktop, Portable for Cooking, Compatible for All Cookwares, Easy Clean, Upgraded Version",$69.96
Stopwatch digital,"12 Pack Multi-Function Electronic Digital Sport Stopwatch Timer, Large Display with Date Time and Alarm Function,Suitable for Sports Coaches Fitness Coaches and Referees (Yellow)",$28.99
Stopwatch digital,"Stopwatch Timer Lap Split Digital Stopwatch with Clock Calendar Alarm, Large Display Stop Watch for Sports Kids Coaches Swimming Running",$8.99
Stopwatch digital,"2 Pack Multi-Function Electronic Digital Sport Stopwatch Timer, Large Display with Date Time and Alarm Function,Suitable for Sports Coaches Fitness Coaches and Referees,Pgzsy",$13.99
Stopwatch digital,"Waterproof Stopwatch Timer, Large Display Simple Silent Stop Watch with ON/Off Function No Clock No Calendar No Alarm Basic Operation for Sports Coaches Swimming Running Training, Blue",$15.99
Stopwatch digital,"ACCUSPLIT Pro Survivor - A601X Stopwatch, Clock, Extra Large Display",$17.93
Stopwatch digital,"12 pack Multi-function Electronic Digital Sport Stopwatch Timer, Large Display with Date Time and Alarm Function,suitable for Sports Coaches Fitness Coaches and Referees",$29.99
Stopwatch digital,"Stopwatch Timer Only Stopwatch Mode, ON/Off Silent No Clock No Date No Countdown Simple Operation, Digital Stop Watch for Sports Kids Coaches Swimming Running, Blue",$8.99
Stopwatch digital,"VOCOO Magnetic Kitchen Timer for Cooking with Count Up Countdown, Digital Timer Battery Powered with Large Display, 2 Brightness and Volume Levels for Classroom, Teacher, Kids",$13.49
Stopwatch digital,"Digital Stopwatch - No Bells, No Whistles, Simple Basic Operation, Silent, Clear Display, ON/Off, Child Friendly, AAA Batteries (Included), Black",$9.97
Stopwatch digital,"VOCOO Digital Kitchen Timer with 7.8� Extra Large Display, Magnetic LED, with 3 Brightness, 4 Alarms and 3 Volume Levels, Battery Powered Countdown Count Up Timer for Cooking, Classroom, Home Gym",$26.99
Stopwatch digital,"Stopwatch Timer, Digital Stop Watch with 0.01second & 0.001second Timing, Metal 10/100/400 Laps Memory, Rolilink Large dispaly Alarm Clock for Coach Sports Running Marathon",$38.99
Stopwatch digital,"Digital Stopwatch Timer Large Display with Clock and Date, No Alarm Function, Simple Stopwatches for Sports Coaches Running Swimming Kids Training-2 Pack Black",$9.85
Stopwatch digital,"6 Pack Multi-Function Electronic Digital Sport Stopwatch Timer, Large Display with Date Time and Alarm Function,Suitable for Sports Coaches Fitness Coaches and Referees",$16.99
Stopwatch digital,"Body Sport Digital Timer Stopwatch for Fitness & Exercise Routines - Easy to Use, Battery Operated, Multifunctional Time Tracker for Home, Gym, Kitchen, Classroom, and Office Settings",$16.99
Stopwatch digital,"2 Pack Multi-Function Electronic Digital Sport Stopwatch Timer, Large Display with Date Time and Alarm Function,Suitable for Sports Coaches Fitness Coaches and Referees,Pgzsy",$13.99
Prism glass,"Crystalsuncatcher Clear Crystal Ball Prism Suncatcher Rainbow Maker Hanging Crystals Prisms for Windows, for Feng Shui, for Gift(30mm/1.18"" 15pack)",$14.99
Spring Scale 500g,"QWORK Plastic Tubular Spring Scale - 1N, 5N, 10N, 20N, 30N Capacity, Grams & Newton Calibration, Zeroing Capability, Clear Plastic Body Spring Balance Hanging Tube, Set of 5",$12.97
Spring Scale 500g,"20 LB / 50 LB Aluminum Tube Spring Fish Scale with Peak Weight Marker & Zero Reset, Mechanical Fishing Weighing Gauge with Hook, Non-Digital Hand Held Pull Weigher, Hanging Drag Scale",$15.95
Spring Scale 500g,"Eisco Labs - Acrylic Tubular Spring Scale (Dynamometer) 5N/500g Capacity - Spring Scale, Pull Scale, Force Meter, Force Spring, Spring Scales for Science",$9.99
Spring Scale 500g,Bonvoisin Lab Scale 5000gx0.01g High Precision Electronic Analytical Balance 0.01g Accuracy Laboratory Precision Digital Scientific Scale (5000g),$108.00
Spring Scale 500g,"Walter Products P11103 Pack of 2 - Hanging Spring Scale (0-500g, 5N)",$10.00
Spring Scale 500g,"QWORK Plastic Tubular Spring Scale - 1N, 5N, 10N, 20N, 30N Capacity, Grams & Newton Calibration, Zeroing Capability, Clear Plastic Body Spring Balance Hanging Tube, Set of 5",$12.97
Spring Scale 500g,Sciencent Set of 6 Spring Balance Hanging Spring Scale Set,$19.99
Spring Scale 500g,"Economy Dynamometer - Spring Balance, High Resolution, 500g/5N",$12.57
Spring Scale 500g,"QWORK Spring Scale, Set of 10Transparent Spring Balance Hanging Tube Spring Scale Set 1N, 5N, 10N, 20N, 30N",$17.97
Spring Scale 500g,Dynamometer Blue Spring Scale Balance Tubular 5N/500g Newton Gram Dynamometer Clear Plastic for Shell for Gravity Tension Measuremen,$6.99
Spring Scale 500g,"Newton Force Meter Spring Scale - Max Capacity 5000g/50N, Dual Scale Labeled Yellow Scale (1)",$8.99
Spring Scale 500g,2PCS 1000g/10N Capacity Plastic Tubular Spring Scale Zeroing Capability Plastic Body Spring Balance Hanging Tube,$8.99
Spring Scale 500g,Scientific Spring Scale 500g/5N Weight Capacity Blue Color for School Physics Demonstrations Experiments,$6.67
Spring Scale 500g,"Eisco Labs Newton Force Meter Spring Scale - Max Capacity 50N, 5Kg, Dual Scale Labeled",$11.79
Bar Magnet pair,"United Scientific� Alnico Bar Magnet | 3"" Long, Pair, Blue/Red, 1/2"" Width, 1/4"" Thick | Great for Any Classroom or Home",$10.50
Bar Magnet pair,"MIKEDE 4 Pack Rare Earth Strong Neodymium Bar Magnets, with Double-Sided Adhesive for Craft, Fridge, Kitchen, Office - 60 x 10 x 3 mm",$5.99
Bar Magnet pair,"50Pcs Strong Neodymium Magnets Bar, 20x5x2mm Heavy Duty Rare Earth Magnets, Rectangular Magnetic Bar, Small Powerful Magnets for Crafts Kitchen DIY Tool Storage Science Office",$7.99
Bar Magnet pair,Science Magnet for Kids Bar Magnet Small with North South Identified for Students Teachers Science Experiment Physics Education Toys 2Pcs,$5.99
Bar Magnet pair,"LOVIMAG Strong Neodymium Bar Magnets with Double-Sided Adhesive, Rare Earth Metal Neodymium Magnet for Fridge, Scientific, Shower Door, Office etc, 60 x 10 x 3 mm, Pack of 16",$6.82
Bar Magnet pair,"12 Pack Strong Rare Earth Bar Magnets, Heavy Duty Neodymium Black Magnets with Double-Sided Adhesive, Perfect for Fridge, Garage, Kitchen and Office, 60 x 10 x 3 mm",$8.99
Bar Magnet pair,"3 Inch Educational Alnico Bar Magnet with North South Identified for Student Teachers Science Education, 2 Pack",$17.99
Bar Magnet pair,"Dowling Magnets 3-Inch Alnico Bar Magnets, Set of 2, North and South Poles Marked. Learning Magnets. Item 731011.",$17.99
Bar Magnet pair,"40x10x5mm Magnets Bar, 24 Pack Powerful Rare Earth Magnetic Bar, Rectangular Magnets with Adhesive Backing for Crafts, Tool, Storage, Science, Office",$11.99
Bar Magnet pair,"hand2mind Red Ceramic Bar Magnets, 1.5 Inch (Pack of 6)",$12.80
Bar Magnet pair,"100 Pack Strong Neodymium Bar Magnets?Powerful Rare Earth Neodymium Magnets Perfect for Fridge, Garage, Kitchen, Craft, Office etc 20 x 5 x 2 mm",$11.99
Bar Magnet pair,"E BAVITE Strong Rare Earth Neodymium Magnets, Heavy Duty Bar Magnets with Double-Sided Adhesive, Pack of 2, 60x10x3-2P",$2.99
Bar Magnet pair,"FINDMAG 4 Pack Magnets Bar, Rare Earth Magnet Heavy Duty, Strong Neodymium Bar Magnets with Double-Sided Adhesive - 60 x 10 x 3mm",$4.99
Bar Magnet pair,"130Pcs Neodymium Bar Magnets, 7 Different Size Rectangle Rare Earth Magnets",$18.98
Bar Magnet pair,"10Pack Rare Earth Neodymium Magnets, 60x10x3mm Strip Magnets Heavy Duty Bar Magnets with Double-Sided Adhesive, Powerful Bar Magnets for Fridge, DIY, Craft, Science -N30 Grade",$9.99
Tuning Fork 256 Hz,"Solfeggio Tuning Forks Set for Healing � 9 Chakra Frequencies 174Hz to 963Hz | Precision-Machined Aluminum Alloy | Made in USA | Chakra Healing, Sound Therapy, Reiki, Yoga, Energy Balancing Tools.",$155.00
Lens Set convex concave,Trial Lens Set Optical 266 Pieces Trial Lens Set Metal Rim Aluminium Case Adjustable Eye Testing Trial Frame Rings Glasses,$199.00
Lens Set convex concave,"Amlong Crystal Premium Optical Glass Double Convex and Concave Lens Set, 50mm Diameter, 3 Double Convex (20, 30, 50cm FL) and 3 Double Concave (20, 30, 50cm FL), 6 Piece Set",$13.95
Lens Set convex concave,Physics Optical Experiment Set Multifunction Reflector Refraction Triangular Prism Convex Lens Concave Mirror Dial Linear Light Source Teaching Demonstration Equipment for Teacher Student Education,$18.99
Lens Set convex concave,"United Scientific� Premium Optical Glass Double Convex and Concave Lens Set of 6, 50mm Diameter, 3 Double Convex (5, 10, 20cm FL) and 3 Double Concave (20, 30, 50cm FL), 6 Piece Set",$9.99
Lens Set convex concave,Physics Optics Experiment Set Prisms Convex Lens Triple Laser Refraction School Light Refraction Reflection Learning Educational Science Kits,$18.99
Lens Set convex concave,"PATIKIL Optical Lens 1 Set, 6 Pcs Double Convex Lens Double Concave Lens Prism Lens Convex Mirror Concave Mirror Plane Mirror for Physics Teaching, Clear",$16.49
Lens Set convex concave,"Physics Optics Experiment Set Refraction and Reflection of Light,Convex Lens and Small Hole Imaging Experiment, Three Primary Colors of Light School Optics Learning Educational Science Kits",$35.99
Lens Set convex concave,"EISCO Optical Glass Lens Set - 3 Dbl Convex, 3 Dbl Concave, 38mm Dia - 20, 30, 50cm FL",$16.79
Lens Set convex concave,6 Pcs Acrylic Glass Light Prism Optical Lens Triangular Semicircular Rectangular Concave Convex Mirror Len Physics Demonstration Tools Equipment for Physics Teaching Lab Reflection Refraction Science,$11.99
Lens Set convex concave,StayMax Physical Optical Experiment Set Concave/Convex Lens,$8.32
Lens Set convex concave,"PATIKIL 0.4"" (10mm) Focal Length Double Convex and Concave Lens Set, Glass Optically Polished Round Edges Lens for Physics Experiment Classroom, Clear",$8.59
Lens Set convex concave,"6 PCS Physical Optical Acrylic Convex Concave Lens Set, Triangular Semicircular Rectangular Prism Physics Demonstration Tools Equipment for Physics Teaching Students Lab Photography Science",$11.58
Lens Set convex concave,"PATIKIL 5cm,10cm Focal Length Double Convex and 7.5cm,10cm Focal Length Double Concave Lens 1 Set, 6 Pack Glass Optically Polished Round Edges Lens, Clear",$15.49
Lens Set convex concave,"Physics Optics Experiment Set Refraction and Reflection of Light,Convex Lens and Small Hole Imaging Experiment, Three Primary Colors of Light School Optics Learning Educational Science Kits",$35.99
Lens Set convex concave,StayMax Physical Optical Experiment Set Concave/Convex Lens,$8.32
Lens Set convex concave,Physics Optics Experiment Set Prisms Convex Lens Triple Laser Refraction School Light Refraction Reflection Learning Educational Science Kits,$18.99
Ammeter basic,Digital AC Leakage Clamp Meter 0.01mA Resolution ACA MAX 60A 1999 Counts Auto Range Data Hold Ammeter Clampmeter Amperimetro Amperemetre Professional Micro Current Tester,$75.99
Ammeter basic,"AstroAI Digital Clamp Meter Multimeter 2000 Counts Amp Voltage Tester Auto-ranging with AC/DC Voltage, AC Current, Resistance, Capacitance, Continuity, Live Wire Test, NCV, Blue",$24.99
Ammeter basic,"KAIWEETS Digital Clamp Meter Multimeter with D-Shaped Jaw for AC/DC Current & Voltage, Auto-ranging 4000 Counts Voltage Tester with Flashlight Backlight, Measuring Temperature Continuity Diode NCV",$29.99
Ammeter basic,,$42.99
Ammeter basic,"Digital Multimeter Pocket Clamp Multimeters Multi Tester Voltmeter Ammeter Ohmmeter AC/DC Ohm Volt Amp and Diode Voltage Electrical Tester Meter with Backlight LCD,Home Professional Use Automotive,etc",$13.99
Ammeter basic,"Klein Tools CL120 Digital Clamp Meter, Auto-Ranging 400 Amp AC, AC/DC Voltage, Resistance, Continuity, Non-Contact Voltage Tester Detection",$59.97
Ammeter basic,YXQ 0-30mA Analog Current Panel 85C1 Amp Ammeter Gauge Meter 2.5 Accuracy for Auto Circuit Measurement Tester (DC 30mA),$7.68
Ammeter basic,"2Pack 0.28"" Digital Voltmeter Ammeter DC 0-100V 10A, Red & Blue Dual LED Display Panel with Connect Wires, 2 in 1 Volt Amp Monitor Tester Used for Electronic Circuit Experiments EV Cars Boats",$8.99
Ammeter basic,2 Pieces AC Current Voltage Amperage Power Energy Panel Meter LCD Digital Display Ammeter Voltmeter Multimeter with Split Core Current Transformer CT AC 80-260V 100A Multi-Function Power Monitor,$34.19
Ammeter basic,"KAIWEETS HT208D Inrush Clamp Meter 1000A True RMS AC/DC Current Amp Meter, VFD, LOZ Mode, 6000 Counts, Measures Current Voltage Temperature Capacitance Resistance Diodes Continuity Duty-Cycle",$89.99
Ammeter basic,bayite DC 6.5-100V 0-100A LCD Display Digital Current Voltage Power Energy Meter Multimeter Ammeter Voltmeter with 100A Current Shunt,$16.19
Ammeter basic,"DROK DC 4.5-100V Digital Voltmeter Ammeter Multimeter Panel, DC Amp Meter Voltage Meter, Current Meter 0-50A Volt Tester, LED Display Voltage Gauge for Automotive Motor Battery",$15.49
Ammeter basic,RAParts A0NN10670A Ammeter Gauge Fits Ford Tractors 2N 600 700 800 8N 900 9N NAA,$12.09
Ammeter basic,"Ht Automatic Digital Multimeter,Tm-510 4000 Counts Smart Digital Multimeter,Digital Display Intelligent Multimeter,Voltage Tester with Non-Contact Voltage Function (1 PCS)",$23.98
Voltmeter basic,"MESTEK Digital Multimeter Tester TRMS 9999 Counts Voltage Tester Auto-Ranging Ohm Amp Voltmeter with NCV, AC/DC Current, Voltage, Resistance, Diodes, Continuity,Capacitance,Temperature",$28.21
Hydrochloric Acid,BiOptimizers HCL Breakthrough - Betaine Hydrochloride Enzymes Supplement - Assists with Protein Breakdown and Absorption - Helps Gas and Heartburn Relief - 90 Pepsin-Free Capsules,$29.00
Hydrochloric Acid,"SkinSmart Facial Cleanser for Acne, Targets Bacteria for Active Teenage Athletes Post Workout and Adult Acne, 8 oz Spray Bottle, Safe for Multiple Daily Uses",$17.46
Hydrochloric Acid,"Hyaluronic Acid Serum for Skin 100% Pure Anti Aging Serum Intense Hydration Moisture Non greasy Paraben free, Wrinkle Reducing and Brightening Serum (Pro Formula) 2oz",$14.98
Hydrochloric Acid,Hypochlorous Acid Spray - 1 L Refill � Acne Prone Skin � Eczema - Tattoo Aftercare � Piercing Aftercare � Saline Toner � Facial Cleanser � Lash Cleanser - All Natural Face and Skin Spray - e11ement,$23.50
Hydrochloric Acid,"Good Molecules Hyaluronic Acid Serum - Hydrating, Non-greasy formula to Moisturize, Plump - 1% HA, Anti-aging, Water-Based Skincare for Face",$5.98
Hydrochloric Acid,"Tower 28 SOS Daily Rescue Facial Spray for Sensitive Skin, Hypochlorous Acid Spray Helps Reduce Redness and Breakouts, Full Size Toner for Face, 4 FL Oz",$28.00
Hydrochloric Acid,"Premier Research Labs Premier HCL - Betaine HCL, Betaine Hydrochloride Supplement for Optimal Digestive Function, Nutrient Absorption, Betaine-HCL for Low Stomach Acid- 90 Vegetarian Capsules",$19.98
Hydrochloric Acid,Source Naturals - Betaine HCl Hydrochloric Acid Source 650 mg. - 180 Tablets,$24.08
Hydrochloric Acid,BiOptimizers HCL Breakthrough - Betaine Hydrochloride Enzymes Supplement - Assists with Protein Breakdown and Absorption - Helps Gas and Heartburn Relief - 90 Pepsin-Free Capsules,$29.00
Dissecting Kit,Precision Plus Dissection Kit - 24-Piece Biology Kit - 9 Stainless Steel Instruments - Extra Blades & T-Pins - Biology Students & Faculty � Assorted Color Cases,$15.99
Dissecting Kit,"Dissect-It Kit for Kids 6 Plus, Simulated Synthetic Lab Dissection Toy | Frog Super Lab | Authenticated STEM Toys | Kids Learn Animal Science, Biology, and Anatomy",$24.99
Dissecting Kit,Precision Plus Dissection Kit - 24-Piece Biology Kit - 9 Stainless Steel Instruments - Extra Blades & T-Pins - Biology Students & Faculty � Assorted Color Cases,$15.99
Dissecting Kit,Premium 34 Pcs Advanced Biology Lab Anatomy Student Dissecting Dissection Kit Set with Scalpel Knife Handle Scalpel Blades (All in One with Zipper Case) Blades,$17.95
Dissecting Kit,61936PCT Precision Dissection Kit - 25-Piece Biology Kit - 8 Stainless Steel Instruments - Extra Blades & T-Pins - Biology Students & Faculty - Autoclavable Case in Assorted Colors,$14.47
Dissecting Kit,"Dissect-It Kit for Kids, Synthetic Dissection Kids Science Kit to Learn Animal Science, Biology, STEM Toys for 6 Year Old and Above",$59.99
Dissecting Kit,"18 Piece Dissecting Kit Including Scissors, Forceps, Scalpel, and Probe in Disposable Plastic Bag for Anatomy Lab, Biology, Medical Students, and General Dissection",$9.99
Dissecting Kit,Student Minor Traning Surgical KIT of 18 PCS.,$14.99
Dissecting Kit,"12 Piece Dissecting Kit in Disposable Bag Including Scissors, Forceps, Scalpel, and Probe for Lab Dissection, Biology, Anatomy, Veterinary Students, and General Dissection",$8.99
Dissecting Kit,34 Pieces Advanced Dissection Kit Biology Lab Anatomy Dissecting Kit Set for Educating Medical Students and Veterinary with Stainless Steel Knife Handle Blades,$17.99
Dissecting Kit,"24 Piece Dissecting Kit Including Scissors, Forceps, Scalpel, Teasing Needle, and Probe in Leatherette Case for Anatomy Lab, Biology, Medical Students, and General Dissection",$12.99
Dissecting Kit,61936PCT Precision Dissection Kit - 25-Piece Biology Kit - 8 Stainless Steel Instruments - Extra Blades & T-Pins - Biology Students & Faculty - Autoclavable Case in Assorted Colors,$14.47
Dissecting Kit,"Top Secret Toys Dissect-It Discover-It Dinosaur Dig Kit, Dissecting Gel Kids Science Kit Project to Learn Anatomy, STEM Toys for Boys & Girls Ages 6+",$14.99
Dissecting Kit,"NATIONAL GEOGRAPHIC Frog Dissection Kit Anatomy Lab - Glow in the Dark Synthetic Frog Dissecting Science Lab for Kids with Dissecting Tools, Glowing Bones & Realistic Organs, Science Toys, Biology Kit",$14.99
Petri Dishes pack of 20,"Evviva Sciences Petri Dish 500 Pack � 500 Petri Dishes � 100 X 15mm � Premium Performance � 3 Vents to Reduce Condensation � for Lab Research, Education, & More - W/5 Evviva Transfer Pipettes",$147.99
Petri Dishes pack of 20,"20 Pack Sterile Plastic Petri Dishes with Lid, 90mm Dia x 15mm Deep",$9.99
Petri Dishes pack of 20,"20-Pack Sterile Petri Dishes with Lids - 90mm Diameter, 15mm Depth - 3 Air Vents - Ideal for Mycology, Bacteria Cultivation, Lab Testing, and Science Projects, LVAE001",$7.99
Petri Dishes pack of 20,"20 Packs Sterile Plastic Petri Dishes with lid Thickened Version, 90mm Dia x 15mm Deep Clear 3 Vents for Lab Analysis, School Science Experiment, Plant and Seed Culture Cell-Culture Dish",$9.99
Petri Dishes pack of 20,"20 Pcs Plastic Petri Dishes with Lids, 60x15mm Sterile Culture Dishes",$7.99
Petri Dishes pack of 20,"Hoteam 20 Pcs Glass Petri Dishes with Lids Bulk, Autoclavable and Reusable Culture Dishes for Culture Plate, Science Project (60mm)",$24.99
Petri Dishes pack of 20,"Petri Dish with lid, 60mm Diameter x 8mm Depth Petri Dish, Suitable for School Experimental Projects, Laboratory Supplies, Theme Parties, etc. Highly Transparent Plastic Petri Dishes, 20 Pieces",$9.60
Petri Dishes pack of 20,"Sterile Plastic Petri Dishes with Lid, 20 PCS of Dia.150mm*15mm Clear Petri Plate, with 3 Vents for Classroom, Laboratory, Science Party, PPD150-020",$19.99
Petri Dishes pack of 20,120 Pcs Prepoured Agar Plates Kit Includes 40 Petri Dishes 40 Cotton Swabs 20 Empty Pipette 20 Cryotube Educational Microbiology Science Fair Project for Bacteria Science Kit,$47.99
Petri Dishes pack of 20,20 Pcs Petri Dish Agar Prepoured Nutrient Plates for Science Lab Experiment Accessories,$33.29
Petri Dishes pack of 20,"20 Pack Sterile Plastic Petri Dishes with Lid, 90mm Dia x 15mm Deep with 10 Plastic Transfer Pipettes (3ml),for School Lab Petri Plate Dish, Blood Samples, Bacteria, Plant & Seed Cultivation Cell.",$9.99
Petri Dishes pack of 20,"QWORK Sterile Glass Petri Dish Petri Plates with Lid,5 Pack, Thicken, 90mm x 20mm",$13.47
Petri Dishes pack of 20,"PATIKIL 35mm Plastic Petri Dishes with Lid, 20 Pcs Petri Plates Tissue Culture Plate for Lab Science Experiment, Clear",$7.79
Petri Dishes pack of 20,"30 Pack Plastic Petri Dishes with Lids,90 x 15mm Bioresearch Sterile Petri Dish,Culture Dishes for School Science Projects,Seeding,Storage,Biological Themed Party",$11.99
Petri Dishes pack of 20,"20pcs Sterile Plastic Petri Dishes with Lids 35x 12 mm Deep Clear Lab Petri Dishes Cell Culture Dishes for School Science Project, Lab Experiment, Biological Themed Party Supplies (20, 35mm)",$14.69
Universal Indicator Solution 100ml,"pH Buffer Calibration Solution Kit 4-Pack � 250 mL (8.4 fl oz) Each: pH 4.00 Buffer, pH 7.00 Buffer, pH 10.00 Buffer, and Electrode Storage Solution � NIST Traceable Reference Standards",$33.00
Universal Indicator Solution 100ml,#CNDTEST 10-Level Conductivity Indicator for Quick Solution Comparisons,$37.78
Universal Indicator Solution 100ml,pH Buffer Calibration Kit 2-Pack � 250 mL (8.4 fl oz) Bottle of Each: pH 4.00 and pH 7.00 | Color Coded,$17.99
Copper Sulfate,"Copper Sulfate Crystals 5 Lb, Granular EPA Free",$36.90
Copper Sulfate,"FIQ - Copper IQ - Copper Supplements with Copper Bisglycinate - Energy Support & Mitochondrial Support - Chelated Copper, High Absorption - 60 Capsules",$18.00
Copper Sulfate,Copper Sulphate Weight: 100g by Inoxia,$6.09
Copper Sulfate,"WellnessOne Liquid Copper Supplements - Immune Support & Also Great for Nerve & Bone Health - Copper Supplement Drops Maximizes Iron Absorption for Kids, Men & Women - 1.67 fl oz",$19.95
Copper Sulfate,Seachem Cupramine Copper 100ml,$13.75
Copper Sulfate,Black Copper Oxide - Cupric Oxide - CuO - 1 Pound,$18.99
Copper Sulfate,"Pure Original Ingredients Aluminum Sulfate (4 oz) Food Grade, Iron Free, Soil Additive",$9.99
Copper Sulfate,"Amen Iron Ultra Supplement + Copper, Folate, Vitamin C and Vitamin B12-2-Month Supply - Ferrous Sulfate Iron Vitamin - Iron 65mg Per Serving - Iron Folic Acid - Non-GMO Iron Pills - 60 Capsules",$24.99
Copper Sulfate,Zinc Sulfate Monohydrate - 35.5% Zn - 99% Pure - 5 Pounds,$21.99
Copper Sulfate,"Amen Iron Ultra Supplement + Copper, Folate, Vitamin C and Vitamin B12-2-Month Supply - Ferrous Sulfate Iron Vitamin - Iron 65mg Per Serving - Iron Folic Acid - Non-GMO Iron Pills - 60 Capsules",$24.99
Copper Sulfate,"Copper Fungicide. Innovative Spray Mist Technology. Controls powdery Mildew, Black spot, and Rust! for use on Roses, Flowers, ornamentals, Fruits and Vegetables. Ready-to-use 20 oz.",$14.99
Copper Sulfate,"Liberty Gold Standard� Expanded 13 Heavy Metals Drinking Water Test (100-Piece Kit) - Lead, Mercury, Copper, Iron, Zinc, Manganese, Sodium Chloride, Aluminum, Sulfate, Nickle, Cobalt, Hardness",$27.99
Copper Sulfate,"Ionic Zinc Plus Copper Liquid Concentrate 240 Servings, Glass Bottle, Vegan - Balanced Ratio of Zinc Copper - Supports Immunity, Brain Thyroid (2 oz.)",$21.97
Rubber Stoppers,"2X2 Round Rubber Caster Cups, Non Slip Furniture Pads, Anti-Slip Gripper, Anti Skid Furniture Feet, Anti Slide Floor Protector for Bed Couch Table Chair Stoppers - (Black, 4 Pack)",$9.99
Rubber Stoppers,ROBLOCK 2 Pack Rubber Wheelchair Chock Stopper with Handle for Wheelchair Stability Hospital Garden Dinner Room- Black,$43.99
Rubber Stoppers,"21 Pack Solid Rubber Stopper, Black Lab Plug, 000# - 8# Sizes Assortment, 11 Assorted Sizes",$6.99
Rubber Stoppers,"Scotch Clear Adhesive Bumper Pads 40 PCS, Self-Stick Rubber Pads 1/2"" Round, Cabinet Door Rubber Bumpers, Designed to Protect Cabinets and Drawers, Sound Dampening, Transparent (SP951-NA)",$4.99
Rubber Stoppers,Big Door Stopper 2 Packs Heavy Duty Wedge Rubber Door Stop Works on All Floor Surfaces Height up to 1.9 Inches Non-Scratching Doorstops Special for Home Office School Heavy Door (Black),$19.99
Rubber Stoppers,"Rubber Stopper - 22 Pcs Solid Rubber Stoppers,11 Assorted Sizes 000# - 8# Tapered Lab Seal Rubber Stoppers",$7.99
Rubber Stoppers,"Amazon Basics Cabinet Door Bumper, Clear Self Adhesive Bumpers Pads for Surface Protection and Noise Reduction, 300-Piece, 6.9 x 4.5 x 0.6 inch",$12.45
Rubber Stoppers,Furnigear Cabinet Bumpers Soft Self-Adhesive Clear Rubber Bumper- Cabinet Door pumpers dots Clear Cabinet stoppers Furniture Noise Reducing Silicone Rubber Bumper Extremely Durable(96Pcs),$6.99
Rubber Stoppers,"(4 Pack) 2.5"" Trailer Ramp Door Bumper, Compatible with Truck Cargo Hatch - Round Rubber Bump Stops",$9.99
Rubber Stoppers,9 Pack (Same Size) Solid Rubber Stoppers - Size #6-33mm (1.29in) x 25mm (0.98in) - 28mm (1.10in) Long - Black Lab Plug,$9.99
Rubber Stoppers,"Strongest Home Wall & Door Handle Stopper 2"" Set. 6 Pieces of Clear Rubber Door Knob, Round Wall Shield Cushion, Quiet Wall Protector for Door Handle, Guard Door Bumper Silencer Self - Adhesive",$9.98
Rubber Stoppers,PENCK 6pcs Rubber Stopper with Hole 26mm to 32mm Tapered Plug Black Test Tubes Bungs Stoppers for Lab Home Use,$4.99
Rubber Stoppers,4-Pack (Same Size) Large Solid Rubber Stoppers - Size #9-45mm (1.77in) x 37mm (1.45in) - 30mm (1.18in) Long - Black Lab Plug,$9.99
Rubber Stoppers,"X-Protector Rubber Strip - 8 PCS Rubber Pads 1 x 4 - Black Non Slip Pad - Universal Grip Strips - Self-Adhesive Rubber Strips - Premium Rubber Feet for Keyboard, Appliances, and Other Small Things!",$9.99
Dropper Bottle 50ml,"Tincture Bottles with Dropper 50ml+ Glass Dropper Bottle,80 Pack Amber Glass Bottles for Essential Oils/Lab Tinctures/Medicine Perfumes and Travel",$52.66
Dropper Bottle 50ml,"2 oz Dark Amber Glass Dropper Bottles with Measurement Dropper, 4 Pack- 60ml Thick Tincture Bottles with Measured Eye Dropper, Leakproof Essential Oils Bottles for Health, Personal Care & Beauty",$6.99
Dropper Bottle 50ml,"uxcell Plastic Dropper Bottles, 50ml/1.7 oz Empty Squeezable Dropper Bottle with Cap, White/Red, Pack of 2",$6.99
Dropper Bottle 50ml,"Dropper 50ml Empty Essential Oil Drop Bottle, 1.7oz Square Essence Glass Bottles Lab Dropping Serum Container For Liquid, Perfumes (8pcs,Clear)",$18.99
Dropper Bottle 50ml,"AOZITA 4 Pack, 2 oz Dropper Bottles with 1 Funnel & 4 Labels - Essential Oils Bottles for Health, Personal Care & Beauty - 60ml Thick Dark Amber Glass Tincture Bottles with Eye Droppers, Leakproof",$6.99
Dropper Bottle 50ml,"2Pcs Plastic Dropper Bottles, 1.7 oz/50ml Refillable Dropper Bottle with Leakproof Cap and Plug, Squeezable Portable Travel Empty Liquid Container White",$5.99
Dropper Bottle 50ml,12PCS 50ML 1.7oz Clear Empty Refillable Plastic Squeezable Eye Drop Dropper Bottle Liquid Medicine Container With Screw Cap Essential Oil Container Bottles,$8.77
Dropper Bottle 50ml,"2Pcs Plastic Dropper Bottles, 1.7 oz/50ml Refillable Dropper Bottle with Leakproof Cap and Plug, Squeezable Portable Travel Empty Liquid Container White",$5.99
Dropper Bottle 50ml,"12Pcs Squeeze Drop Bottles, Squeezable Plastic Dropper Bottles, 50ml Transparent Seal Storage, Refillable Eye Liquid Empty Containers",$7.99
Dropper Bottle 50ml,"Lallisa 48 Pcs Glass Dropper Bottles with Eye Dropper Dispensers Lab Dropping Bottles with 4 Pcs Long Pipettes 4 Funnel and 80 Label for Travel Cuticle Massage Essential Oils Perfume (Clear,4 oz)",$44.99
Agar Powder 100g,Malt Extract Agar Powder Blend - Premix Makes 200+ Agar Plates 200g (7oz) Science & Mushroom Cultivation,$23.99
Agar Powder 100g,Malt Extract Agar Powder with Activated Charcoal - 100 Grams - Evviva Sciences - Make Over 110 Agar Plates - Premium Performance - Excellent Growth Medium for Mushrooms & Science Projects,$35.99
Agar Powder 100g,"HiMedia M001-100G Nutrient Agar, 100 g",$25.85
Agar Powder 100g,"ALDON Innovating Science Nutrient Agar, 100g - General Purpose Growth Medium for Petri Dishes or Test Tube Slants - Makes 4 Liters - Perfect for Laboratory, Classroom & at Home Science Experiments",$39.99
Agar Powder 100g,Malt Extract Agar (MEA) Premix (100 Grams) | MEA Premix Makes 100 Agar Plates | Agar Premix for Mushroom Mycelium | Make Agar Petri Dishes for Mycology,$16.99
Agar Powder 100g,Agar Agar Powder- Thai Thailand Asian International Food 25g.x3packets.,$9.99
Agar Powder 100g,"142 Grams Nutrient Agar Powder, Makes Over 210 to 280 Agar Petri Dishes, Easy to Use, Suitable for Scientific Research, Educational Experiments or Detection of Microbial Pollutants",$26.99
Agar Powder 100g,"Evviva Sciences Potato Dextrose Agar Petri Dishes - Prepoured Potato Dextrose Agar (PDA) - for Mushrooms, Home Test Kit, or for Science Fair Projects, Petri Dishes with Agar",$30.30
Agar Powder 100g,"RPI A20020-100.0 Agar, High Gel Strength, Powder, 100g",$52.82
Agar Powder 100g,"Malt Extract Agar (MEA) Dehydrated, 100 grams",$19.99
Agar Powder 100g,Agar Powder Telephone Brand Agar 25g,$7.38
Agar Powder 100g,"Peak Peptones: Power-Packed, Nitrogen-Rich Peptone Powder for Mycology - 100g, Veteran-Owned | Enhance Mushroom Mycelium Growth in Liquid Cultures and Agar | Makes ~2k Batches Using Our Recipe",$24.29
Agar Powder 100g,Malt Yeast Extract Agar Plates with Activated Charcoal (MYA) - 10 Sterile Prepoured Petri Dishes for Mushroom Cultivation & Science Projects - Now with Improved Packaging,$23.99
Iron Filings 250g,"EISCO Coarse Iron Filings, 250g - 20 Mesh Iron Shavings for Magnets",$16.79
Iron Filings 250g,"Bulk Iron Filings- 1 LB Iron Filings for Science Experiments, by American Heritage Industries",$12.99
Iron Filings 250g,"DAILYLIFE Bulk Iron Filings- 1 LB Iron Filings with 4 Magnets for Science Experiments, Iron Powder for Magnet Education and School Projects",$14.99
Iron Filings 250g,Iron Filings - 1 Pound Package,$14.99
Iron Filings 250g,"Excellerations Iron Filing Cases (Pack of 12), Kids Science Experiment, Science for Kids, STEM Toys for Boys and Girls (Item # Ironman)",$43.99
Iron Filings 250g,"SPACECARE Magnetic Iron Powder Filings for Magnet Education and School Projects, 2 Storages Jar (12 Ounces X 2) with Shaker Lids, 2 Pack",$16.14
Iron Filings 250g,"Dowling Magnets Iron Filings, Jar (12 ounces) with shaker lid",$15.99
Iron Filings 250g,"Dowling Magnets Iron Filings Variety Pack, 3 Jars (fine, Medium, coarse), 12 Ounces Each (731050)",$19.64
Iron Filings 250g,12 oz Fine Iron Filings Magnetic Iron Powder for Magnet Education and School Projects - Discover The World of Magnetics & See Magnetic Lines of This Unseen Force & More (One Pack),$9.58
Iron Filings 250g,"Fine Iron Filings Magnetic Iron Powder for Magnet Education and School Projects,Set of 4",$10.99
Iron Filings 250g,Iron Filings Weight: Bright - 100g by Inoxia,$5.90
Iron Filings 250g,"Iron Fish (1 Pack),A Natural Source of,Reduce The Risk of Iron Deficiency,Great Iron Supplement Alternative for Vegetarians,Athletes,Pregnant Women",$16.98
Iron Filings 250g,"Daxiongmao Iron Fish Cooking Tool to Add Original Iron Supplement to Food and Water, Iron Supplement Tool for Iron Deficiency Vegetarians, Pregnant Women and Children, Mothers Day Gifts",$17.99
Iron Filings 250g,"DAILYLIFE Bulk Iron Filings- 1 LB Iron Filings with 4 Magnets for Science Experiments, Iron Powder for Magnet Education and School Projects",$14.99
Iron Filings 250g,"Bulk Iron Filings- 1 LB Iron Filings for Science Experiments, by American Heritage Industries",$12.99
Iron Filings 250g,"Libraton Needle Files Set 13PCS with 6 Steel File, 6 Diamond File Set, Cleaning Brush & Carrying Case for Wood and Metal Work DIY Metal File",$16.95
Safety Goggles,"PACIFIC PPE Safety Goggles Over Glasses for Men and Women, Anti Fog Scratch Resistant, Eye Protection, Adjustable Elastic Headband",$16.99
Litmus Paper,"pH Test Strips for Urine & Saliva: 200 Strips pH Paper for Testing Your Body's pH, 4.5 to 9.0 Acid Alkaline Litmus Paper pH Test Strip, Get Clear Acid-Alkaline Balance Results in Seconds, 4.5-9 Range",$7.99
Litmus Paper,"6 Pack pH Test Strips, 480 Strips Full Range 1-14 Universal pH Test Litmus Paper pH Soap Making Testing Strips for Water Wine Saliva Urine Soil, pH Strips and 6 Test Pipette Droppers with Storage Case",$5.99
Litmus Paper,"2 Pack pH Test Strips, 160 Strips pH.1-14 Universal pH Test Paper Litmus Test Paper pH Soap Making Testing Strips for Water Wine Saliva Urine Soil Testing Pet Food and Diet pH Monitoring (Sealed Pack)",$3.99
Litmus Paper,"6 Pack pH Test Strips, 480 Strips Full Range 1-14 Universal pH Test Litmus Paper pH Soap Making Testing Strips for Water Wine Saliva Urine Soil, pH Strips and 6 Test Pipette Droppers with Storage Case",$5.99
Litmus Paper,"Jovitec Universal Ph Test Paper Strips Ph Test Strips Roll, Measure Full Range 0-14 Each 16.4 ft(2 Rolls)",$9.59
Litmus Paper,"5920024 pHydrion 0 to 13 pH Jumbo pH Papers, Range 0 to 13, 50 Ft/Roll",$19.77
Litmus Paper,"pH Test Strips for Urine and Saliva 150 pH Strips for Fast, Accurate pH Testing at Home Get Clear Acid-Alkaline Balance Results, Quick & Easy pH Level Testing from 4.5-9.0",$11.99
Litmus Paper,BOJACK 5 Pack 80 Strips (400 Strips) pH 1-14 Test Paper Extensive Test Paper Litmus Test Paper 400 Strips pH Test for Water Soil Testing Pet Food pH Monitoring,$5.99
Litmus Paper,Hydrion Ph Paper (93) with Dispenser and Color Chart - Full Range Insta Chek ph- 0-13,$10.49
Litmus Paper,"Litmus Paper Red and Blue, Acid and Base Test Strip, 100 Pieces per Color Acid/Base pH Indicator Strips, Classroom Size Pack, Color Chart Test not Included",$11.70
Litmus Paper,Neutral Litmus Paper [Vial of 100 Test Strips] for Acidity/Alkalinity Testing,$6.89
Litmus Paper,"pH Test Strips 0-14: 200 Strips Universal Litmus Paper pH Test Strips for Liquid Testing & Water & Food and Soap Making, Get Highly Accurate Results in Seconds",$13.99
Litmus Paper,HYDRION pH 15 Foot Roll with Chart and Dispenser 5.5-8.0 pH Range,$10.99
Litmus Paper,100 PCs Ph Strips for Aquarium Litmus Ph Test Strips for Women in Airtight Bottle Ph Test Strips Range 0-14 ph Paper for Pet Food Saliva Water Urine Test and Diet Monitoring PH Level Lab Pool,$11.99
Litmus Paper,"pH Test Strips for Urine & Saliva: 200 Strips pH Paper for Testing Your Body's pH, 4.5 to 9.0 Acid Alkaline Litmus Paper pH Test Strip, Get Clear Acid-Alkaline Balance Results in Seconds, 4.5-9 Range",$7.99
Litmus Paper,"PH Test Strips 0-14, 200 Strips Universal Litmus Papers PH Test Strips for Urine & Saliva & Water & Food, Quickly Test Alkalinity and Acidity Levels, Get Highly Accurate Results in Seconds",$7.99
Pipette 10ml,"Single Channel Pipettor, 2-10ML Adjustable Volume Pipette, Micro Pipettes, High-Accurate Pipettor, Liquid Micropipette for Laboratory",$19.99
Pipette 10ml,"Pipette - 1-10ml Micropipette, Adjustable Volume Pipette with Autoclavable Lower Portion, Universal Tip Cone Single Channel Pipettes, Laboratory ISO 8655 Calibrated Pipettor",$57.00
Pipette 10ml,"3Pcs Glass Pipettes Dropper, 10ml Graduated Liquid Dropper with Rubber Bulb and Cleaning Brush, Transfer Pipettes for Essential Oil",$8.99
Pipette 10ml,10-100uL Single Channel Pipette Manual Adjustable Variable Volume Laboratory High Accurate Lab Micropipette,$24.99
Pipette 10ml,"ONiLAB 2-10ML Lab Micropipette, Single Channel Pipette,Adjustable Volume Pipette, Micro Pipettes, High Precision Pipettor,Autoclavable",$32.99
Pipette 10ml,LICHEN 2-10ml Lab Micropipette Pipettors Single Channel Pipette with Tips Adjustable High Accurate Variable Volume 2ml to 10ml for Scientific Liquid Laboratory,$24.99
Pipette 10ml,URBEST Transfer Pipettes 100PCS 10ML Liquid Dropper Plastic Pasteur Disposable Graduated Pipetting Clear White (10-ML),$15.99
Pipette 10ml,FOUR E'S SCIENTIFIC 1-10ML Single-Channel Pipettor Adjustable Variable Volume Micropipette High Accurate Pipettor for Laboratory,$39.99
Pipette 10ml,"Serological Pipette - 10ml/Orange, Individually Wrapped(Case of 100)",$49.74
Pipette 10ml,FOUR E'S SCIENTIFIC 100uL-1000uL High-Accurate Single-Channel Manual Adjustable Variable Volume Pipettes,$24.99
Pipette 10ml,"ONiLAB Pipette Tips 10mL 100 PCS Laboratory Universal Plastic Liquid Pipettor Tips Polypropylene (PP) Autoclavable, Transparent, 10mL(100PCS)",$18.99
Pipette 10ml,"CellPro� Serological Pipettes Sterile, Individually Wrapped, Boxed (10ml, 200)",$69.95
Pipette 10ml,"10ml Transfer Pipettes,Saim 24PCS Plastic Disposable Dropping Pipettes Essential Oil Liquid Eye Droppe for Mixing Acrylic Paints, Lab, Crafts",$7.44
Pipette 10ml,"ONiLAB 100-1000ul High-Accurate Pipettor Single-Channel Manual Adjustable Variable Volume Pipettes, 7010101014",$28.99
Gloves nitrile box of 100,"Schneider Nitrile Exam Gloves, Blue, 4 mil, Powder-Free, Latex-Free, for Medical Exam, Cleaning and Food Prep, Non-Sterile",$9.99
Gloves nitrile box of 100,"TitanFlex Disposable Nitrile Gloves 6 mil Blue Heavy Duty Disposable Gloves, Cooking Mechanic Gloves, Latex Free Powder Free",$12.99
Lab Aprons pack of 10,"Waterproof Rubber Vinyl Apron W/ 2 Pockets - Lab Apron for DishWashing,Grooming Blue",$14.95
Funnel plastic 100mm,"Wide Mouth Versatile Funnel, Canning Funnels for Kitchen Use, Food Grade Plastic Cooking Funnel Set with 4 Size Spouts and 2 Strainers for Filling Different Bottles and Bags, Blue",$8.98
Alcohol Burner,Classic Style Alcohol Burner Lamp Glass Bunsen Burners Lab Equipment Heating 150ml with 5 Free Replacement 6inch Wicks and Funnel,$9.99
Alcohol Burner,Dental Alcohol Lamp Glass Alcohol Burner Lamp Dental Lab or School Chemistry lab Equipment Heating Come with 5 Replacement Wicks and 3 Funnel -150ml,$7.29
Alcohol Burner,"QWORK Alcohol Lamp, 2 Pack 120ml Glass Dental Alcohol Burner Lamp, Lab Equipment Heating Bottle, Bunsen Burners with Cotton Wick and Metal Cap, for Science Experiments",$9.97
Alcohol Burner,Dental Alcohol Lamp Glass Alcohol Burner Lamp Bunsen Burner with Metal Cap Dental Lab Equipment Heating 150ml with 5 Free Replacement Wicks & Funnel,$13.99
Alcohol Burner,150ml Dental Alcohol Burner Lamp Glass Bunsen Burners Lab or School Chemistry lab Equipment Heating for Science Experiments Come with 5 Replacement Wicks and 1 Funnel,$8.88
Alcohol Burner,"REDCAMP Mini Alcohol Stove for Backpacking, Lightweight Brass Spirit Burner with Aluminium Stand for Camping Hiking",$14.99
Alcohol Burner,"Adjustable Alcohol Lamp, 3/16 Inch Wick | LMP-422.00",$15.00
Alcohol Burner,"Mini Alcohol Stove Alcohol Burner, Lightweight Brass Spirit Burner with Aluminium Stand, Backpacking Stove for Outdoor Camping, Hiking, Backpacking, Picnic (Grey)",$12.34
Alcohol Burner,"42002 Premium 42002 Dual Wick Alcohol Burner, 100 mL Capacity, Durable Metal Build in Silver/Bronze � Reliable Lab & Home Use Heating Tool",$20.92
Alcohol Burner,"Annhua Alcohol Burner Lamp 150ml Glass Bunsen Burners with Cotton Wick and Metal Cap, Portable Lab Equipment Heating Bottle for Science Experiments, Household and Camping",$9.99
Alcohol Burner,1 Pcs Portable Mini Alcohol Burner Lamp Case Aluminum Alloy Alcohol Stove for Outdoor Camping Picnic Lab Equipment Heating Tool,$6.89
Alcohol Burner,"42002 Premium 42002 Dual Wick Alcohol Burner, 100 mL Capacity, Durable Metal Build in Silver/Bronze � Reliable Lab & Home Use Heating Tool",$20.92
Alcohol Burner,Kesell 150ml Alcohol Burner Lamp Glass Lab Bunsen Burners for Lab Equipment Heating with 5 Replacement Wicks and 3 Funnel,$7.99
Alcohol Burner,"Annhua Alcohol Burner Lamp 150ml Glass Bunsen Burners with Cotton Wick and Metal Cap, Portable Lab Equipment Heating Bottle for Science Experiments, Household and Camping",$9.99
Alcohol Burner,Coghlan's Stove,$12.89
Fire Blanket,"Prepared Hero Emergency Fire Blanket - 2 Pack - Fire Suppression Blanket for Kitchen, 40� x 40�, for Home, Fiberglass Fire Blanket.",$39.98
Test Tube Brush,"Long Straw Brush, Nylon Pipe Tube Cleaner 8-ihch 10 Different Diameters Set of 10",$9.90
Test Tube Brush,"desin Long Straw Brush, Nylon Flexible,Reusable Pipe Tube Cleaner 12-ihch X 2/5-inch set of 10",$9.99
Test Tube Brush,"CiaraQ Bottle Cleaning Brushes, 8 Inch Nylon Tube Brush Set, Cleaner for Narrow Neck Bottles Cups with Hook, Set of 10pcs, Black",$5.99
Test Tube Brush,"Holikme Bottle Brush Tube Cleaning Lab Set with Long Handle, Cup Cleaner for Washing Narrow Neck Beer Wine Decanter Pipes Lids Sinks Cap Covers, White",$8.95
Test Tube Brush,"Coralpearl Bottle Brushes Thin Long Handle X 2, Utility Skinny Wire Cleaner Set Big Small, Bendable Flexible for Cleaning Narrow Neck Water, Beer, Wine, Baby Bottles, Pipes, Tubes, Hoses, and Flasks",$13.99
Test Tube Brush,"EISCO 12PK Nylon Cleaning Brushes with Fan-Shaped Ends, 9.25"" - Twisted Stainless Steel Wire Handle - Ideal for 0.3"" - 0.5"" Diameter Tubes, Bottles, Cylinders, Flasks, Straws -",$16.79
Test Tube Brush,"12 PCS Straw Cleaner Brush kit with 2mm-25mm /6.5-10 INCH for Tube and Pipe.Tumbler, Sippy Cup, Bottle with Straw,Hummingbird feeders and Drinking Straw, Brushes for Cleaning Tanks",$7.59
Test Tube Brush,uxcell 5Pcs 19cm Long Chemistry Test Tube Bottle Measurements Cleaning Tool Brush,$7.59
Test Tube Brush,"Straw Cleaner Brush Set, Shower Head Cleaner Tool, Nylon Pipe Tube Cleaner 8-inch 10 Different Diameters Set for Tumbler, Water Bottle, Sippy Cup, Sinks and Hummingbird?Feeders",$4.99
Test Tube Brush,"EISCO 12PK Bristle Cleaning Brushes with Fan-Shaped Ends, 9"" - Twisted Stainless Steel Wire Handle - Ideal for 0.6"" - 0.8"" Diameter Tubes, Bottles, Flasks, Cylinders, Jars, Vases, Cups",$18.39
Test Tube Brush,"Straw Cleaner Brush Set,6 Piece 12"" Long Pipe Tube Bottle Brushes for Cleaning Narrow Neck Bottles,Coffee Maker,Glass Cups",$9.99
Test Tube Brush,"stonylab 10 Pack Tube Brushes, Bristle Test Tube Bottle Wash Cleaning Brushes with Radial Tufted End for Laboratory, Size M",$12.99
Test Tube Brush,"Straw Cleaner Brush Extend 12 inch, Extra Wide 12mm diam Pipe Cleaners, Extra Long Straw Brush for Sippy Cup, Water Bottle and Tubes, Drinking Straw Cleaning Brush Set 10 Pack",$3.99
Test Tube Brush,"URBEST 10 Pcs Tube Bottle Wash Cleaning Brush, Tan Bristles Radial Tip for Lab Set Chemistry Test (M)",$8.99
Microscope Coverslips box of 100,MUHWA Microscope Glass Cover Pre-Cleaned 24mm x 50mm Coverslips 100 Pieces/Box,$8.30
Microscope Coverslips box of 100,1000 Pieces of Glass Cover Slips for Microscope Slides 18x18mm Cover Glass Slips includes 10 Boxes x 100Pcs/Box,$12.59
Microscope Coverslips box of 100,AmScope BS-50P-100S-22 Pre-Cleaned Blank Ground Edge Glass Microscope Slides and 100pc Pre-Cleaned Square Glass Cover Slips Coverslips,$15.99
Microscope Coverslips box of 100,"E35.3501 Blank Microscope Slides & 100-Pieces Square Cover Glass, Glass",$7.50
Microscope Coverslips box of 100,Raylabcon 20 40 5301 Disposable Plastic Microscope Coverslip (Pack of 100),$11.26
Microscope Coverslips box of 100,"AmScope Microscope Glass Cover Slides Coverslips of 100 Pieces Pre-Cleaned 24mm x 50mm, CS-24X50-100",$10.99
Microscope Coverslips box of 100,"Heathrow Scientific 100 Place Microscope Slide Box, Cork Lining, Nickel-Plated Clasp, Black",$10.90
Microscope Coverslips box of 100,AmScope 72 Pre-Cleaned Blank Microscope Slides and 100 22x22mm Square Cover Glass,$12.99
Microscope Coverslips box of 100,BOJACK 100 Pcs Pre-Cleaned Microscope Slides with Ground Edge and 200 Pcs Pre-Cleaned Microscope Cover Glasses with 4 Plastic Droppers,$11.99
Microscope Coverslips box of 100,"Standard Microscope Cover Slips, #1 Thick, 22x22mm, Karter Scientific 211Z3 (Pack of 200)",$7.69
Microscope Coverslips box of 100,AmScope - 72 Pieces of Pre-Cleaned Blank Microscope Slides + 100 Coverslips - BS-72P-100S-22X20 - Multi-Pack (20 Count),$145.99
Microscope Coverslips box of 100,AmScope 72 Pre-Cleaned Blank Microscope Slides and 100 22x22mm Square Cover Glass,$12.99
Spatula stainless steel,"Metal Spatulas 2 Pieces, Stainless Steel Spatula with Heat Resistant Handle, 9.8 Inch Stainless Steel Spatula Ideal for Desserts, Pancakes, Eggs, Griddle Scraper or BBQ",$9.99
Spatula stainless steel,"Zulay Kitchen Stainless Steel Slotted Spatula � Lightweight, Strong & Durable Metal Turner � Easy to Use, Comfortable Grip, Heat Resistant & Dishwasher Safe � Perfect for Home Cooks & Chefs (14.8"")",$18.99
Spatula stainless steel,OXO Good Grips Stainless Steel Turner,$11.99
Spatula stainless steel,"Brushed Slotted Stainless Steel Turner, Non-Slip Spatula with Ergonomic Handle",$11.99
Spatula stainless steel,"Stainless Steel Spatulas Set, ReaNea Silver Slotted Turner, Solid Turner, Heavy Duty Sturdy Kitchen Spatula High Heat Resistant, Ideal Cookware for Fish,Eggs,Pancakes, Dishwasher Safe, Easy to Clean",$8.99
Spatula stainless steel,"PEASUG 2 Pack Stainless Steel Spatulas Set, Metal Spatula for Kitchen Use, Silver Solid Slotted Turner, High Heat Resistant for Cast Iron Skillet, Grilling, Cooking, Dishwasher Safe, 13.5Inch",$5.99
Spatula stainless steel,"2-Piece Cualork Fish Spatula, Upgrade Metal Spatula, Big Size Spatula Stainless Steel, Premium Kitchen Spatula Set, Thickness Blade Spatulas Turner for Cooking, Flipping, Turning, Frying and Grilling",$7.98
Spatula stainless steel,"All-Clad Specialty Stainless Steel Kitchen Gadgets Turner Kitchen Tools, Kitchen Hacks Silver",$26.99
Spatula stainless steel,"Stainless Steel Flexible Spatula Solid Turner, XiaoZu Thin Metal Spatula for Cast Iron Skillet, Thin Blade and Heat Resistant Silicone Handle, Great for Egg, Cookie, Meat, Crep, Large",$9.99
Spatula stainless steel,IMEEA Metal Spatulas Set SUS304 Stainless Steel Griddle Spatula Slotted Hamburger Turner Flat Top Grill Spatula for Cooking 10-Inch,$16.90
Spatula stainless steel,"14.3-in Spatula Set, 18/0 Stianless Steel Heavy Duty Turner & Slotted Spatula, Kitchen Cooking Utensils Set, High Heat Resistant, Grilling Frying Serving Food, Pack of 2",$14.99
Spatula stainless steel,OXO Good Grips Stainless Steel Fish Turner,$15.95
