category,title,pricing_unit,price
phone,Skip to,₱,10079.44
phone,"1-16 of over 100,000 results for ""phone""",₱,10079.44
phone,Results,₱,10079.44
phone,Bold K50 | 5G| 2024 | 3-Day Battery | Unlocked | 6.7” FHD+ 3D AMOLED | 256/8GB | Triple 64MP Camera | US Version | US Warranty | Purple,₱,10079.44
phone,"SAMSUNG Galaxy S25 Ultra Cell Phone, 256GB AI Smartphone, Unlocked Android, AI Camera, Fast Processor, Long Battery Life, 2025, US 1 Yr Manufacturer Warranty, Titanium Black",₱,61039.44
phone,"SAMSUNG Galaxy A16 5G A Series Cell Phone, Unlocked Android Smartphone, Large AMOLED Display, Durable Design, Super Fast Charging, Expandable Storage, US Version, 2025, Blue Black",₱,9799.44
phone,Tracfone | Motorola Moto g Play 2024 | Locked | 64GB | 5000mAh Battery | 50MP Quad Pixel Camera | 6.5-in. HD+ 90Hz Display | Sapphire Blue,₱,2233.28
phone,Moto G Play | 2024 | Unlocked | Made for US 4/64GB | 50MP Camera | Sapphire Blue,₱,6159.44
phone,From frequently shopped brands,₱,61039.44
phone,"OUKITEL WP36 Pro Rugged Phone Unlocked- 24GB+256GB Cell Phone, 10600mAh Battery, 6.52"" Display Smartphone, 13MP Camera, 128dB Loud Speaker, 4G Dual SIM Android 14 Phones, IP68/69K/NFC/OTG/GPS/T-Mobile",₱,10639.44
phone,"Google Pixel 9 Pro - Unlocked Android Smartphone with Gemini, Triple Rear Camera System, 24-Hour Battery, and 6.3"" Super Actua Display - Hazel - 512 GB",₱,51464.0
phone,"DOOGEE V40 Pro 5G Rugged Phone, 36GB RAM+512GB ROM Android 14 Rugged Smartphone, 6.78"" FHD+120Hz Screen, 4nm D7300 CPU, Outdoor Waterproof Phone with 1.47"" Rear Screen, 200MP AI Camera, NFC/WiFi 6",₱,29679.440000000002
phone,"DOOGEE Blade10 Pro Rugged Phone: 6.56"" HD+ 90Hz, 16GB+256GB /TF 2TB, Android 14, 50MP + 8MP Camera, 5150mAh Battery, IP68/IP69K, Ultra-Thin 11mm, Red",₱,8398.32
phone,Moto G 5G | 2024 | Unlocked | Made for US 4/128GB | 50MP Camera | Sage Green,₱,8399.44
phone,Samsung Galaxy A05 A055M 64GB Dual-SIM GSM Unlocked Android Smartphone (Latin America Version) - Silver,₱,4995.759999999999
phone,"AT&T BL102-3 DECT 6.0 3-Handset Cordless Phone for Home with Answering Machine, Call Blocking, Caller ID Announcer, Audio Assist, Intercom, and Unsurpassed Range, Silver/Black",₱,3639.4399999999996
phone,"Panasonic Cordless Phone with Answering Machine, Advanced Call Block, Bilingual Caller ID and Easy to Read High-Contrast Display, Expandable System with 2 Handsets - KX-TGD832M (Metallic Black)",₱,3359.44
phone,"Apple iPhone 14, 128GB, Purple - Unlocked (Renewed)",₱,19600.0
phone,BLU G44 | 2024 | All-Day Battery | Unlocked | 6.8” HD+ Infinity Display | 64GB | Triple 13MP Camera | US Warranty| Blue,₱,3919.4399999999996
phone,"Google Pixel 9 - Unlocked Android Smartphone with Gemini, 24-Hour Battery, Advanced Camera, and 6.3"" Actua Display - Obsidian - 128 GB",₱,35279.44
phone,"I14 Pro Max Unlocked Smartphone, 6+256GB, Android 13.0 Unlocked Cell Phones, 6.82"" HD Screen Battery 6800mAH with 128GB Memory Card/Face ID/Fingerprint Lock/Dual SIM 5G Phone (Blue)",₱,8903.44
phone,"Samsung Galaxy S21 Ultra 5G, US Version, 128GB, Phantom Black - Unlocked (Renewed)",₱,14056.0
phone,J24 | 2024 | All-Day Battery | GSM Unlocked | 6.5” Display | 3/32GB | 3000mAh | US Version | US Warranty | Black,₱,2799.44
phone,"Samsung Galaxy A03s Cell Phone, AT&T GSM Unlocked Android Smartphone, 32GB, Long Lasting Battery, Expandable Storage, 3 Camera Lenses, Infinite Display - Black (Renewed)",₱,3891.4399999999996
phone,"Apple iPhone 13, 128GB, Pink - Unlocked (Renewed)",₱,17917.2
phone,"I16 PROMAX Unlocked Phone, 6.99inch Cell Phone with Android 13 12GB+512GB 7000mAh Long Battery Life, HD Screen Smartphone with Dual SIM, Fingerprint Lock, Face ID, Photos 5G Phone (Purple)",₱,11199.44
phone,"Samsung Galaxy S21 5G, US Version, 128GB, Phantom Gray - Unlocked (Renewed)",₱,10584.0
phone,"Apple iPhone 12, 64GB, Black - Fully Unlocked (Renewed)",₱,12878.88
phone,"SAMSUNG Galaxy A05 (128GB, 4GB) 6.7"" Dual SIM GSM Unlocked Global 4G LTE A055M/DS (Light Green)",₱,5638.08
phone,for iPhone 13 Case Protective Cover: for iPhone 14 / iPhone 16e Case Heavy Duty Military Grade Hard Protection Shock Proof Grip | Durable Dual-Layer Design with Built-in Kickstand Red,₱,999.04
phone,"Belkin MagSafe-Compatible Charger, 3-in-1 Wireless Charging Station, Qi2-Certified 15W Wireless Charger for Apple iPhone 16 Series, Apple Watch, AirPods w/Non-Slip Base, 40W Charger Included - White",₱,6719.44
phone,Other items to consider,₱,618.24
phone,"Compatible with iPhone 13 Pro Max Case Translucent Magnetic 13 Pro Max Phone Case 6.7"" [Compatible with Mag-Safe][Great Grip Feeling][Full Camera Protection], Pink",₱,618.24
phone,"Dreem Fibonacci Wallet Case for iPhone 16 Pro Max | 2-in-1 Detachable Vegan Leather Cover with Built-in Kick-Stand, RFID Blocking Card Holder, MagSafe Compatible [Slate]",₱,2799.44
phone,"SUPFINE Magnetic for iPhone 14 Case & iPhone 13 Case (Compatible with MagSafe) (Dual Layer Structure Protection) (12 FT Military Grade Drop Protection) Heavy Duty Shockproof Phone Case, Black",₱,559.44
phone,"Crave Dual Guard for Samsung Galaxy S22 Ultra, Forest Green, Cellular Phone Case, Shockproof Protection, Dual Layer, TPU/PC",₱,951.4399999999999
compound microscope,"1-16 of 916 results for ""compound microscope""",₱,0.0
compound microscope,"PalliPartners Compound Microscope for Adults & Kids - 100X-2000X High-Power Biological Microscope for Students, School Lab & Home Education, with Slides Set & Phone Adapter (White)",₱,5235.44
compound microscope,"AmScope M150 Series Portable LED Monocular Student Compound Microscope - 40X-1000X Magnification - Microscope Kit Includes Dust Cover, 2 Clips & 2 Eyepieces",₱,5991.44
compound microscope,"Professional Compound Microscopes for Adults, Kids 8-12 & Students | 2000X Magnification Lab & Home Microscope with Phone Adapter, Complete Slides Set (Gray White)",₱,4585.84
compound microscope,"7"" LCD Digital Microscope 1200X,Leipan 12MP Coin Microscope with Screen for Adults,1080P Video Microscope with 12pcs Slides,Wired Remote,2 Side Lights,Windows/Mac OS Compatible",₱,3863.4399999999996
compound microscope,Recently bought and rated,₱,3759.84
compound microscope,Microscope for Kids，40X-2000X Compound Microscope Mobile Phone Adapter with Microscope Slide Microscope kit for Home School Laboratories for Children Students,₱,3759.84
compound microscope,"SWIFT Compound Monocular Microscope SW200DL with 40X-1000X Magnification, Dual Light, Precision Fine Focus, Wide-Field 25X Eyepiece and Cordless Capability for Student Beginner",₱,5039.44
compound microscope,"Microscope for Adults Kids Students, 100X-2000X Microscopes, Metal-Body Dual LED Illumination, Biological Compound Monocular Microscope Kit for School Lab, Homeschool w/Phone Adapter",₱,3880.2400000000002
compound microscope,"HSL Microscope for Kids,40X-2000X monocular Microscopes for Adults Students Beginner with LAD Set,Dual LED Phone Adapter Powerful Biological Microscopes for School Boys Girls Home Education Laboratory",₱,4423.44
compound microscope,AmScope B120C Series Student & Professional LED Binocular Compound Microscope - 40X-2500X Magnification - Features Siedentopf Head & 3D Mechanical Stage,₱,15679.44
compound microscope,"Compound Binocular Microscope for Kids & Students, 40X-2000X Magnification, Microscope Kit with Slides & Specimens, Lab Equipment for School Biology Class & Home Science Experiments",₱,6915.44
compound microscope,"Microscope for Adults Kids, 100X-2000X BEBANG Compound Microscope with Microscope Slides, Microscope Kit for Kids Students Home School Lab",₱,3863.4399999999996
compound microscope,"Compound Microscope，40X-2500X Research Class Professional Microscope，WF10x and WF25x eyepieces, Dual LED Lighting and Two-Layer Mechanical Stage，Microscope for Adults…",₱,8399.44
compound microscope,"Microscope 40X-2500X Binocular Microscope WF10x and WF25x Eyepieces, Dual LED Illumination, Adult Microscope for School Home Lab Education (Binocular Microscope)",₱,6551.44
compound microscope,"Binocular Compound Microscope 40X-2000X, Research Grade Professional Microscope with Dual Mechanical Stages and Coaxial Coarse/Fine Focus Knobs, Built-in Electronic Eyepieces, Adult Microscope",₱,7139.44
compound microscope,"Compound Trinocular Microscope 40X-5000X Magnification, Research Grade Professional Microscope, Two Levels of Mechanical Stage LED Illumination, USB Video Camera with Microscope for Adults",₱,12375.44
compound microscope,"Microscope for Adults Kids,40X-2000X Monocular Microscope Kit for Home School Lab, 2 LED Lights & 5 Colors Kids Microscope with Phone Holder,10 Specimen Slides,20 Slides,100 Coverslips, Bag",₱,3863.4399999999996
compound microscope,40X-2000X Monocular Microscope for Adults & Kids - Wozel Compound Microscopes for Kids with Dual LED Lights - Professional Biological Microscope with Phone Adapter Slide Set for School Home Education,₱,5039.44
compound microscope,"SWIFT SW380B 40X-2500X Magnification, Siedentopf Head, Research-Grade Binocular Compound Lab Microscope with Wide-Field 10X and 25X Eyepieces, Mechanical Stage, Ultra-Precise Focusing",₱,13999.44
compound microscope,"Swift SW350T Compound Trinocular Microscope,40X-2500X Magnification,Two-Layer Mechanical Stage,with 5.0 mp Camera and Software Windows/Mac Compatible and 5 PCS Prepared Slides and 5 PCS Blank Slides",₱,19599.440000000002
compound microscope,"Microscope for Kids Beginners Children Student, 40X- 1000X Compound Microscopes with 52 pcs Educational Kits",₱,3331.44
